data,n_aparicoes,pgs
2008-01-02,1,[4]
2008-01-03,1,[4]
2008-01-04,1,[4]
2008-01-07,8,"[1, 4, 9]"
2008-01-09,5,[10]
2008-01-10,3,"[11, 4]"
2008-01-11,7,"[1, 10, 11, 4]"
2008-01-14,12,"[8, 4, 12]"
2008-01-15,2,"[8, 4]"
2008-01-16,15,"[13, 4, 12]"
2008-01-17,7,"[11, 4, 12]"
2008-01-18,5,"[4, 14, 15]"
2008-01-21,5,"[11, 4, 5]"
2008-01-22,1,[4]
2008-01-23,1,[4]
2008-01-24,1,[4]
2008-01-25,5,"[18, 4, 42]"
2008-01-28,5,"[10, 4]"
2008-01-29,11,"[10, 4, 14]"
2008-01-30,3,"[10, 4, 29]"
2008-01-31,2,"[4, 14]"
2008-02-01,5,"[16, 4, 14, 15]"
2008-02-06,1,[4]
2008-02-07,1,[4]
2008-02-08,14,"[58, 59, 4]"
2008-02-11,1,[4]
2008-02-12,1,[4]
2008-02-13,5,"[48, 4]"
2008-02-14,1,[4]
2008-02-15,14,"[21, 4, 12, 30]"
2008-02-18,5,"[4, 12, 6]"
2008-02-19,3,"[4, 15]"
2008-02-20,5,"[10, 4]"
2008-02-21,3,"[4, 15]"
2008-02-22,1,[4]
2008-02-25,3,"[4, 12]"
2008-02-26,1,[4]
2008-02-27,3,"[4, 37]"
2008-02-28,1,[4]
2008-02-29,4,"[16, 4, 5]"
2008-03-03,3,"[4, 28]"
2008-03-04,1,[4]
2008-03-05,5,"[16, 4]"
2008-03-06,7,"[4, 21, 30]"
2008-03-07,1,[4]
2008-03-10,1,[4]
2008-03-11,10,"[4, 69, 9, 77, 45, 85]"
2008-03-12,1,[4]
2008-03-13,1,[4]
2008-03-14,2,"[4, 14]"
2008-03-17,5,"[4, 6, 14]"
2008-03-18,3,"[11, 4]"
2008-03-19,9,"[1, 10, 11, 4]"
2008-03-20,2,"[11, 4]"
2008-03-24,3,"[19, 4]"
2008-03-25,5,"[4, 12]"
2008-03-26,5,"[4, 6, 14]"
2008-03-27,3,"[10, 11, 4]"
2008-03-28,1,[4]
2008-03-31,3,"[11, 4]"
2008-04-01,5,"[4, 5]"
2008-04-02,1,[4]
2008-04-03,3,"[19, 4]"
2008-04-04,1,[4]
2008-04-07,1,[4]
2008-04-08,3,"[19, 4]"
2008-04-09,3,"[4, 13]"
2008-04-10,9,"[40, 4, 36, 39]"
2008-04-11,4,"[24, 51, 4]"
2008-04-14,1,[4]
2008-04-15,4,"[4, 12]"
2008-04-16,3,"[17, 11, 4]"
2008-04-17,5,"[17, 4, 22]"
2008-04-18,5,"[4, 22]"
2008-04-22,2,"[4, 5]"
2008-04-23,2,"[4, 21]"
2008-04-24,13,"[24, 4, 21]"
2008-04-25,5,"[8, 19, 4, 7]"
2008-04-28,4,"[12, 27, 4, 5]"
2008-04-29,3,"[10, 4, 14]"
2008-04-30,1,[4]
2008-05-02,5,"[4, 20]"
2008-05-05,1,[4]
2008-05-06,1,[4]
2008-05-07,5,"[4, 21]"
2008-05-08,6,"[18, 4]"
2008-05-09,5,"[4, 52, 6, 14]"
2008-05-12,2,"[10, 4]"
2008-05-13,3,"[4, 15]"
2008-05-14,1,[4]
2008-05-15,6,"[1, 4, 5, 7]"
2008-05-16,10,"[10, 11, 4]"
2008-05-19,2,"[4, 77]"
2008-05-20,4,"[4, 14]"
2008-05-21,7,"[1, 4, 61, 62]"
2008-05-23,10,"[1, 4, 37, 38, 42]"
2008-05-26,9,"[22, 6, 15]"
2008-05-27,1,[13]
2008-05-28,4,"[56, 50, 54, 55]"
2008-05-29,7,"[98, 8, 21, 25, 26, 92, 31]"
2008-05-30,2,"[19, 5]"
2008-06-02,2,[13]
2008-06-03,2,[35]
2008-06-04,31,"[1, 4, 26, 27, 28, 29]"
2008-06-05,3,"[18, 19, 4]"
2008-06-06,4,"[4, 22, 6, 15]"
2008-06-09,6,"[21, 4, 20]"
2008-06-10,1,[4]
2008-06-11,2,"[4, 14]"
2008-06-12,1,[4]
2008-06-13,10,"[34, 4]"
2008-06-16,7,"[4, 6, 22]"
2008-06-17,3,"[11, 4]"
2008-06-18,2,"[4, 39]"
2008-06-19,39,"[1, 4, 10, 11, 12]"
2008-06-20,2,"[17, 4]"
2008-06-23,2,"[17, 4]"
2008-06-24,1,[4]
2008-06-25,3,"[4, 12]"
2008-06-26,2,"[18, 4]"
2008-06-27,3,"[19, 4]"
2008-06-30,12,"[25, 26, 4, 23]"
2008-07-01,3,"[64, 65, 4]"
2008-07-02,5,"[43, 4]"
2008-07-03,4,"[19, 4]"
2008-07-04,4,"[42, 4, 5]"
2008-07-07,3,"[4, 22]"
2008-07-08,4,"[11, 4, 12]"
2008-07-09,3,"[4, 52]"
2008-07-10,13,"[8, 18, 4, 12]"
2008-07-11,3,"[4, 6]"
2008-07-14,4,"[19, 4]"
2008-07-15,16,"[16, 1, 4, 17]"
2008-07-16,9,"[64, 4, 8, 9, 59, 29]"
2008-07-17,9,"[4, 5, 6]"
2008-07-18,8,"[1, 4, 22]"
2008-07-21,4,"[17, 4, 41]"
2008-07-22,2,"[17, 4]"
2008-07-23,13,"[4, 13, 6]"
2008-07-24,1,[4]
2008-07-25,1,[4]
2008-07-28,1,[4]
2008-07-29,1,[4]
2008-07-30,7,"[4, 29]"
2008-07-31,4,"[35, 4]"
2008-08-01,2,"[10, 4]"
2008-08-04,8,"[4, 5]"
2008-08-05,10,"[16, 4, 15]"
2008-08-06,2,"[4, 37]"
2008-08-07,1,[4]
2008-08-08,7,"[1, 4, 16, 25, 62]"
2008-08-11,1,[4]
2008-08-12,3,"[10, 4]"
2008-08-13,1,[4]
2008-08-14,5,"[48, 4, 12, 46]"
2008-08-18,5,"[8, 4, 15]"
2008-08-19,2,"[24, 4]"
2008-08-20,3,"[4, 13, 6]"
2008-08-21,8,"[4, 14, 15]"
2008-08-22,1,[4]
2008-08-25,1,[4]
2008-08-26,3,"[4, 12]"
2008-08-27,5,"[4, 14]"
2008-08-28,7,"[1, 4, 14, 15, 16]"
2008-08-29,4,"[18, 4]"
2008-09-01,1,[4]
2008-09-02,5,"[4, 14]"
2008-09-03,10,"[1, 4, 6, 19, 21]"
2008-09-04,2,"[4, 5]"
2008-09-05,7,"[4, 15]"
2008-09-08,3,"[16, 17, 4]"
2008-09-09,6,"[4, 20]"
2008-09-10,1,[4]
2008-09-11,1,[4]
2008-09-12,4,"[4, 12]"
2008-09-15,1,[4]
2008-09-16,5,"[48, 10, 4, 13]"
2008-09-17,8,"[98, 4, 10, 60, 61]"
2008-09-18,4,"[18, 4]"
2008-09-19,10,"[4, 20]"
2008-09-22,5,"[4, 12]"
2008-09-23,3,"[4, 21]"
2008-09-24,15,"[4, 21, 7]"
2008-09-25,3,"[4, 13]"
2008-09-26,3,"[4, 7]"
2008-09-29,6,"[11, 4]"
2008-09-30,9,"[67, 4, 78, 14, 82, 83, 86]"
2008-10-01,3,"[4, 13]"
2008-10-02,14,"[4, 5, 15]"
2008-10-03,18,"[4, 17, 18, 19, 20, 25, 26]"
2008-10-06,5,"[11, 4, 12]"
2008-10-07,5,"[16, 4, 15]"
2008-10-08,7,"[4, 5, 15]"
2008-10-09,5,"[18, 4]"
2008-10-10,4,"[12, 11, 4, 5]"
2008-10-13,3,"[8, 4]"
2008-10-14,1,[4]
2008-10-15,6,"[4, 14]"
2008-10-16,8,"[10, 4]"
2008-10-17,16,"[1, 33, 4, 24, 25, 26]"
2008-10-20,8,"[4, 14]"
2008-10-21,5,"[4, 14, 15]"
2008-10-22,14,"[4, 31, 30, 23]"
2008-10-23,23,"[4, 14, 15, 56, 57]"
2008-10-24,5,"[4, 15]"
2008-10-28,13,"[25, 26, 4, 23]"
2008-10-29,1,[4]
2008-10-30,5,"[4, 12, 14, 15]"
2008-10-31,7,"[4, 14]"
2008-11-03,8,"[8, 4, 22]"
2008-11-04,4,"[4, 13]"
2008-11-05,21,"[1, 4, 16, 17, 18]"
2008-11-06,12,"[16, 4, 15]"
2008-11-07,13,"[1, 29, 4, 28]"
2008-11-10,1,[4]
2008-11-11,2,"[10, 4]"
2008-11-12,3,"[17, 11, 4]"
2008-11-13,6,"[10, 4, 53]"
2008-11-14,4,"[13, 4, 12]"
2008-11-17,6,"[4, 15, 16, 56, 57]"
2008-11-18,3,"[4, 23]"
2008-11-19,5,"[4, 14]"
2008-11-20,8,"[13, 19, 4, 12]"
2008-11-21,4,"[12, 4, 5]"
2008-11-24,3,"[8, 4]"
2008-11-25,7,"[13, 4, 12]"
2008-11-26,17,"[17, 18, 4]"
2008-11-27,6,"[26, 4]"
2008-11-28,10,"[62, 4, 14]"
2008-12-01,13,"[19, 4, 20]"
2008-12-02,7,"[1, 4, 12]"
2008-12-03,1,[4]
2008-12-04,14,"[19, 4]"
2008-12-05,10,"[17, 18, 4, 23]"
2008-12-09,9,"[1, 4, 13]"
2008-12-10,10,"[4, 15]"
2008-12-11,3,"[16, 4]"
2008-12-12,2,"[16, 4]"
2008-12-15,6,"[24, 4]"
2008-12-16,7,"[1, 4, 15]"
2008-12-17,8,"[10, 11, 4]"
2008-12-18,7,"[8, 9, 4, 20]"
2008-12-19,9,"[4, 20, 6, 14]"
2008-12-22,2,"[43, 4]"
2008-12-23,7,"[12, 13, 4, 5]"
2008-12-24,11,"[32, 4, 53, 6]"
2008-12-26,2,"[10, 4]"
2008-12-29,1,[4]
2008-12-30,3,"[56, 4, 60]"
2008-12-31,3,"[40, 4]"
2009-01-02,1,[4]
2009-01-05,1,[4]
2009-01-06,8,"[9, 10, 4]"
2009-01-07,8,"[4, 20]"
2009-01-08,11,"[4, 15]"
2009-01-09,2,"[4, 14]"
2009-01-12,6,"[12, 4, 5]"
2009-01-13,1,[4]
2009-01-14,1,[4]
2009-01-15,3,"[8, 4]"
2009-01-16,8,"[32, 4]"
2009-01-19,1,[4]
2009-01-20,2,"[4, 13]"
2009-01-21,4,"[9, 4]"
2009-01-22,1,[4]
2009-01-23,7,"[27, 4, 28]"
2009-01-26,9,"[9, 4, 15]"
2009-01-27,6,"[9, 4]"
2009-01-28,2,"[11, 4]"
2009-01-29,12,"[11, 4, 12]"
2009-01-30,10,"[17, 18, 4]"
2009-02-02,3,"[11, 4]"
2009-02-03,3,"[10, 4]"
2009-02-04,3,"[10, 4]"
2009-02-05,13,"[13, 4, 5, 6]"
2009-02-06,6,"[11, 4]"
2009-02-09,3,"[49, 4]"
2009-02-10,6,"[8, 4, 12]"
2009-02-11,7,"[1, 4, 14, 15]"
2009-02-12,3,"[11, 4]"
2009-02-13,4,"[50, 11, 4, 45]"
2009-02-16,5,"[8, 9, 4]"
2009-02-17,2,"[4, 12]"
2009-02-18,2,"[8, 48]"
2009-02-19,4,"[8, 4]"
2009-02-20,5,"[4, 53, 15]"
2009-02-25,1,[4]
2009-02-26,1,[4]
2009-02-27,11,"[9, 10, 4]"
2009-03-02,19,"[4, 13, 14, 7]"
2009-03-03,3,"[11, 4]"
2009-03-04,13,"[16, 17, 4]"
2009-03-05,4,"[26, 4]"
2009-03-06,6,"[1, 4, 13]"
2009-03-09,4,"[4, 12, 6]"
2009-03-10,2,"[11, 4]"
2009-03-11,10,"[35, 11, 4]"
2009-03-12,4,"[9, 4, 46]"
2009-03-13,13,"[4, 12]"
2009-03-16,5,"[8, 1, 2]"
2009-03-17,1,[4]
2009-03-18,1,[4]
2009-03-19,7,"[4, 8, 19, 23, 24, 28, 31]"
2009-03-20,11,"[18, 4, 14]"
2009-03-23,3,"[4, 22]"
2009-03-24,2,"[4, 13]"
2009-03-25,4,"[4, 12]"
2009-03-26,7,"[4, 5, 7, 8, 20]"
2009-03-27,6,"[4, 14, 15]"
2009-03-30,4,"[13, 4, 12]"
2009-03-31,5,"[11, 4, 13]"
2009-04-01,9,"[1, 11, 4]"
2009-04-02,15,"[1, 4, 12, 14]"
2009-04-03,5,"[4, 68, 23, 24, 30]"
2009-04-06,4,"[16, 4]"
2009-04-07,6,"[16, 4]"
2009-04-08,6,"[4, 13]"
2009-04-09,7,"[20, 4, 5, 7]"
2009-04-13,14,"[1, 4, 11, 12, 27]"
2009-04-15,3,"[26, 4, 7]"
2009-04-16,3,"[4, 37]"
2009-04-17,13,"[11, 4]"
2009-04-20,10,"[19, 4, 20]"
2009-04-22,10,"[11, 4, 12]"
2009-04-23,6,"[17, 4, 6]"
2009-04-24,8,"[57, 18, 4, 68]"
2009-04-27,6,"[11, 4]"
2009-04-28,12,"[4, 13, 14, 15]"
2009-04-29,9,"[8, 9, 4]"
2009-04-30,7,"[4, 29]"
2009-05-04,3,"[4, 21]"
2009-05-05,3,"[4, 14]"
2009-05-06,4,"[4, 12]"
2009-05-07,2,"[4, 15]"
2009-05-08,3,"[4, 13]"
2009-05-11,3,"[1, 4, 12]"
2009-05-12,11,"[10, 4, 14]"
2009-05-13,4,"[4, 12]"
2009-05-14,2,"[4, 15]"
2009-05-15,7,"[4, 10, 46, 47, 48]"
2009-05-18,1,[4]
2009-05-19,3,"[11, 4, 7]"
2009-05-20,7,"[10, 4, 37]"
2009-05-21,4,"[9, 4]"
2009-05-22,7,"[4, 12, 7]"
2009-05-25,10,"[1, 4, 15]"
2009-05-26,4,"[10, 4]"
2009-05-27,34,"[1, 4, 9, 10, 11, 12, 13]"
2009-05-28,2,"[4, 15]"
2009-05-29,8,"[8, 4, 13]"
2009-06-01,3,"[4, 77, 36]"
2009-06-02,5,"[4, 13]"
2009-06-03,9,"[4, 5, 44, 53, 56, 59]"
2009-06-04,1,[4]
2009-06-05,13,"[17, 18, 4]"
2009-06-08,13,"[4, 7, 8, 9, 11, 12]"
2009-06-09,8,"[4, 13]"
2009-06-10,10,"[1, 4, 9, 13, 14]"
2009-06-12,8,[11]
2009-06-15,1,[6]
2009-06-16,5,[16]
2009-06-17,8,"[4, 13]"
2009-06-18,16,"[4, 5, 6, 7, 8, 9, 11, 12, 13, 19, 26]"
2009-06-19,16,"[1, 4, 5, 17, 18]"
2009-06-22,8,"[16, 1, 4]"
2009-06-23,3,[7]
2009-06-24,7,"[1, 4, 13, 46]"
2009-06-25,8,"[17, 4]"
2009-06-26,9,"[16, 4, 62]"
2009-06-29,25,"[4, 7, 8, 18, 27, 28]"
2009-06-30,6,"[56, 18, 19, 4]"
2009-07-01,12,"[4, 10, 11, 17, 18]"
2009-07-02,3,"[4, 15]"
2009-07-03,31,"[67, 4, 18, 19, 20, 28, 29]"
2009-07-06,4,"[9, 4]"
2009-07-07,3,"[10, 4]"
2009-07-08,3,"[9, 4, 14]"
2009-07-09,9,"[11, 4, 12]"
2009-07-10,4,"[18, 4]"
2009-07-13,4,"[11, 4, 5]"
2009-07-14,3,"[4, 12]"
2009-07-15,8,"[18, 4]"
2009-07-16,6,"[4, 20]"
2009-07-17,10,"[17, 4]"
2009-07-20,1,[4]
2009-07-21,3,"[18, 4]"
2009-07-22,4,"[4, 13, 7]"
2009-07-23,7,"[16, 1, 4, 5]"
2009-07-24,10,"[16, 18, 4]"
2009-07-27,1,[4]
2009-07-28,7,"[16, 4]"
2009-07-29,9,"[16, 17, 6]"
2009-07-30,4,"[4, 12]"
2009-07-31,13,"[13, 4, 12]"
2009-08-03,1,[4]
2009-08-04,1,[4]
2009-08-05,1,[4]
2009-08-06,12,"[4, 39, 23]"
2009-08-07,15,"[32, 4, 14, 15]"
2009-08-10,1,[4]
2009-08-11,1,[4]
2009-08-12,13,[13]
2009-08-13,3,"[6, 7]"
2009-08-14,20,"[1, 11, 4, 12]"
2009-08-17,2,"[4, 13]"
2009-08-18,15,"[10, 11, 4]"
2009-08-19,9,"[1, 13, 4, 12]"
2009-08-20,4,"[11, 4]"
2009-08-21,1,[4]
2009-08-24,3,"[4, 12]"
2009-08-25,18,"[1, 11, 4, 12]"
2009-08-26,4,"[4, 14]"
2009-08-27,11,"[13, 4, 12, 6]"
2009-08-28,7,"[10, 4]"
2009-08-31,8,"[16, 4]"
2009-09-01,3,"[4, 14]"
2009-09-02,34,"[28, 4, 5, 6]"
2009-09-03,3,"[17, 4]"
2009-09-04,6,"[10, 4, 12]"
2009-09-08,6,"[24, 4, 13]"
2009-09-09,2,"[4, 14]"
2009-09-10,13,"[1, 4, 14]"
2009-09-11,4,"[4, 14]"
2009-09-14,2,"[4, 22]"
2009-09-15,2,"[10, 4]"
2009-09-16,8,"[1, 10, 4, 9]"
2009-09-17,8,"[24, 33, 4, 71]"
2009-09-18,15,"[45, 14, 50, 52, 53, 23]"
2009-09-21,3,"[10, 4]"
2009-09-22,5,"[12, 4, 5]"
2009-09-23,5,"[1, 4, 13]"
2009-09-24,11,"[13, 4, 5]"
2009-09-25,7,"[18, 4]"
2009-09-28,5,"[16, 4]"
2009-09-29,12,"[1, 4, 8, 12, 29, 30]"
2009-09-30,27,"[1, 4, 7, 40, 41, 42, 49, 20, 23, 24, 26]"
2009-10-01,3,"[16, 10, 4]"
2009-10-02,4,"[11, 4, 12]"
2009-10-05,5,"[4, 15]"
2009-10-06,3,"[16, 4]"
2009-10-07,12,"[4, 5, 15, 16, 26]"
2009-10-08,9,"[16, 4, 15]"
2009-10-09,9,"[4, 13, 46]"
2009-10-13,19,"[8, 4, 7]"
2009-10-14,12,"[1, 10, 4, 9]"
2009-10-15,6,"[11, 4, 15]"
2009-10-16,5,"[18, 4]"
2009-10-19,1,[4]
2009-10-20,7,"[4, 38, 39, 8, 12]"
2009-10-21,4,"[11, 4, 12]"
2009-10-22,5,"[17, 4]"
2009-10-23,20,"[1, 4, 29, 54]"
2009-10-27,6,"[4, 28]"
2009-10-28,2,"[16, 18]"
2009-10-29,11,"[5, 41, 10, 11, 44]"
2009-10-30,5,"[4, 21, 22]"
2009-11-03,11,"[4, 13, 14]"
2009-11-04,19,"[17, 11, 12, 5]"
2009-11-05,16,"[1, 10, 11, 12]"
2009-11-06,3,"[4, 13]"
2009-11-09,21,"[1, 4, 13, 14]"
2009-11-10,20,"[1, 10, 11, 4]"
2009-11-11,62,"[1, 4, 10, 11, 12, 13, 14, 15, 16, 23]"
2009-11-12,8,"[4, 12]"
2009-11-13,30,"[1, 4, 81, 82, 19, 51, 83]"
2009-11-16,5,"[11, 4]"
2009-11-17,1,[4]
2009-11-18,15,"[4, 10, 11, 17, 56, 57]"
2009-11-19,16,"[4, 13, 14]"
2009-11-20,6,"[4, 13]"
2009-11-23,7,"[24, 4, 23]"
2009-11-24,8,"[4, 5, 14]"
2009-11-25,58,"[1, 4, 13, 14, 15, 16, 17, 18, 19]"
2009-11-26,38,"[1, 4, 11, 12, 13, 14, 15]"
2009-11-27,16,"[1, 4, 18, 19, 27]"
2009-11-30,20,"[16, 4, 15]"
2009-12-01,49,"[1, 4, 5, 15, 16, 17, 18, 19, 21]"
2009-12-02,7,"[4, 14]"
2009-12-03,8,"[18, 4, 45]"
2009-12-04,5,"[1, 4, 17]"
2009-12-07,10,"[1, 4, 17, 31]"
2009-12-09,3,"[4, 14]"
2009-12-10,14,"[16, 17, 4, 5]"
2009-12-11,14,"[1, 34, 4, 15, 16]"
2009-12-14,7,"[8, 18, 4, 7]"
2009-12-15,3,"[10, 4]"
2009-12-16,8,"[1, 10, 11, 4]"
2009-12-17,8,"[11, 4]"
2009-12-18,9,"[11, 4]"
2009-12-21,1,[4]
2009-12-22,24,"[4, 15, 14, 7]"
2009-12-23,3,"[4, 13]"
2009-12-24,10,"[4, 6, 12, 15, 16]"
2009-12-28,1,[4]
2009-12-29,1,[4]
2009-12-30,1,[4]
2009-12-31,1,[4]
2011-01-04,2,"[9, 4]"
2011-01-05,3,"[8, 4]"
2011-01-06,3,"[18, 4]"
2011-01-07,12,"[4, 12]"
2011-01-10,4,"[4, 15]"
2011-01-11,15,"[10, 11, 4]"
2011-01-12,5,"[19, 4]"
2011-01-13,10,"[10, 11, 4]"
2011-01-14,11,"[10, 11, 4]"
2011-01-17,2,"[19, 4]"
2011-01-18,1,[4]
2011-01-19,1,[4]
2011-01-20,3,"[4, 30]"
2011-01-21,6,"[11, 4, 14]"
2011-01-24,3,"[27, 4]"
2011-01-25,1,[4]
2011-01-26,18,"[18, 4, 15]"
2011-01-27,2,"[11, 4]"
2011-01-28,3,"[4, 13]"
2011-01-31,1,[4]
2011-02-01,3,"[18, 4]"
2011-02-02,10,"[11, 4, 12, 15]"
2011-02-03,5,"[26, 4]"
2011-02-04,9,"[11, 4]"
2011-02-07,6,"[4, 14]"
2011-02-08,1,[4]
2011-02-09,11,"[4, 37, 38, 10, 45, 51, 56, 29]"
2011-02-10,5,"[4, 14]"
2011-02-11,6,"[4, 13]"
2011-02-14,3,"[16, 4, 15]"
2011-02-15,3,"[4, 12]"
2011-02-16,8,"[4, 14]"
2011-02-17,1,[4]
2011-02-18,1,[4]
2011-02-21,7,"[10, 11, 4]"
2011-02-22,3,"[4, 12]"
2011-02-23,1,[4]
2011-02-24,1,[4]
2011-02-25,14,"[13, 4, 12]"
2011-02-28,1,[4]
2011-03-01,1,[4]
2011-03-02,4,"[10, 4]"
2011-03-03,14,"[10, 11, 4]"
2011-03-04,1,[4]
2011-03-09,6,"[4, 11, 16, 21, 22]"
2011-03-10,2,"[9, 4]"
2011-03-11,3,"[4, 15]"
2011-03-14,3,"[11, 4]"
2011-03-15,4,"[4, 13]"
2011-03-16,4,"[19, 4, 12]"
2011-03-17,4,"[9, 4]"
2011-03-18,1,[4]
2011-03-21,1,[4]
2011-03-22,5,"[19, 4]"
2011-03-23,1,[4]
2011-03-24,1,[4]
2011-03-25,1,[4]
2011-03-28,2,"[4, 21]"
2011-03-29,8,"[1, 10, 4, 23]"
2011-03-30,13,"[1, 4, 5, 14]"
2011-03-31,1,[4]
2011-04-01,3,"[4, 28]"
2011-04-04,2,"[4, 12]"
2011-04-05,4,"[4, 13, 14]"
2011-04-06,13,"[4, 14, 15]"
2011-04-07,4,"[4, 5]"
2011-04-08,5,"[4, 14]"
2011-04-11,14,"[19, 4, 20]"
2011-04-12,1,[4]
2011-04-13,2,"[4, 15]"
2011-04-14,2,"[9, 4]"
2011-04-15,13,"[16, 4, 62, 63]"
2011-04-18,33,"[1, 4, 14, 15, 16, 18, 25]"
2011-04-19,4,"[18, 4]"
2011-04-20,4,"[4, 21]"
2011-04-25,11,"[10, 11, 4]"
2011-04-26,3,"[16, 4]"
2011-04-27,3,"[4, 12]"
2011-04-28,4,"[10, 43, 4]"
2011-04-29,1,[4]
2011-05-02,2,"[4, 13]"
2011-05-03,1,[4]
2011-05-04,2,"[4, 22]"
2011-05-05,6,"[11, 4, 20]"
2011-05-06,2,"[17, 4]"
2011-05-09,3,"[11, 4]"
2011-05-10,2,"[9, 4]"
2011-05-11,3,"[11, 4]"
2011-05-12,6,"[11, 4, 12]"
2011-05-13,5,"[34, 4, 38, 14, 23]"
2011-05-16,6,"[9, 11, 4, 62]"
2011-05-17,6,"[10, 4, 37]"
2011-05-18,2,"[4, 20]"
2011-05-19,2,"[4, 53]"
2011-05-20,2,"[19, 4]"
2011-05-23,7,"[11, 4, 5, 30]"
2011-05-24,1,[4]
2011-05-25,5,"[4, 13]"
2011-05-26,7,"[35, 4, 9, 48, 24, 29, 30]"
2011-05-27,1,[4]
2011-05-30,4,"[10, 4]"
2011-05-31,1,[4]
2011-06-01,2,"[18, 4]"
2011-06-02,1,[4]
2011-06-03,4,"[16, 4]"
2011-06-06,3,"[4, 14]"
2011-06-07,2,"[4, 14]"
2011-06-08,2,"[4, 15]"
2011-06-09,4,"[4, 12]"
2011-06-10,1,[6]
2011-06-13,3,"[4, 15]"
2011-06-14,5,"[10, 4]"
2011-06-15,1,[4]
2011-06-16,6,"[11, 4, 12]"
2011-06-17,9,"[24, 4, 12]"
2011-06-20,2,"[4, 13]"
2011-06-21,3,"[4, 28, 14]"
2011-06-22,5,"[13, 4, 5]"
2011-06-27,4,"[4, 13]"
2011-06-28,3,"[11, 4]"
2011-06-29,6,"[4, 14]"
2011-06-30,6,"[17, 4]"
2011-07-01,7,"[4, 5, 14]"
2011-07-04,2,"[18, 4]"
2011-07-05,4,"[16, 4]"
2011-07-06,5,"[4, 13]"
2011-07-07,8,"[11, 4]"
2011-07-08,8,"[4, 5, 14, 15]"
2011-07-11,3,"[10, 4]"
2011-07-12,6,"[4, 12]"
2011-07-13,10,"[24, 25, 4, 15]"
2011-07-14,8,"[24, 25, 4]"
2011-07-15,3,"[4, 13]"
2011-07-18,1,[4]
2011-07-19,1,[4]
2011-07-20,8,"[4, 13, 14]"
2011-07-21,3,"[19, 4]"
2011-07-22,4,"[4, 37, 15]"
2011-07-25,6,"[16, 4, 15]"
2011-07-26,1,[4]
2011-07-27,11,"[4, 21, 22]"
2011-07-28,1,[4]
2011-07-29,9,"[4, 38]"
2011-08-01,1,[4]
2011-08-02,6,"[24, 4, 23]"
2011-08-03,1,[4]
2011-08-04,5,"[19, 4, 39]"
2011-08-05,14,"[29, 4, 28]"
2011-08-08,11,"[4, 41, 42, 45, 18]"
2011-08-09,4,"[35, 4]"
2011-08-10,4,"[42, 35, 4]"
2011-08-11,1,[4]
2011-08-12,12,"[29, 4, 28]"
2011-08-16,9,"[8, 27, 4]"
2011-08-17,2,"[11, 4]"
2011-08-18,2,"[33, 4]"
2011-08-19,6,"[32, 4, 36]"
2011-08-22,3,"[4, 39]"
2011-08-23,4,"[4, 29]"
2011-08-24,8,"[40, 41, 4]"
2011-08-25,32,"[32, 33, 4, 38, 43, 44, 45, 47, 48]"
2011-08-26,4,"[4, 31]"
2011-08-29,4,"[26, 4]"
2011-08-30,6,"[9, 42, 43, 4]"
2011-08-31,5,"[26, 4]"
2011-09-01,1,[4]
2011-09-02,3,"[4, 28]"
2011-09-05,4,"[32, 4, 31]"
2011-09-06,10,"[81, 17, 4, 12]"
2011-09-08,8,"[27, 4]"
2011-09-09,1,[4]
2011-09-12,8,"[40, 4]"
2011-09-13,3,"[4, 29]"
2011-09-14,5,"[4, 23]"
2011-09-15,1,[4]
2011-09-16,3,"[4, 47]"
2011-09-19,10,"[27, 4, 28]"
2011-09-20,3,"[25, 4]"
2011-09-21,32,"[4, 42, 51, 53, 54, 55, 30]"
2011-09-22,8,"[4, 37]"
2011-09-23,13,"[4, 45, 46]"
2011-09-26,4,"[4, 5, 36, 7]"
2011-09-27,10,"[4, 22, 23]"
2011-09-28,6,"[4, 37, 36, 10, 43, 29]"
2011-09-29,5,"[4, 29, 31]"
2011-09-30,4,"[4, 36]"
2011-10-03,3,"[25, 4, 63]"
2011-10-04,2,"[4, 23]"
2011-10-05,2,"[24, 4]"
2011-10-06,4,"[4, 31]"
2011-10-07,1,[4]
2011-10-11,2,"[4, 21]"
2011-10-13,2,"[4, 52]"
2011-10-14,15,"[40, 4]"
2011-10-17,4,"[4, 22, 55]"
2011-10-18,20,"[4, 30, 31]"
2011-10-19,8,"[27, 4]"
2011-10-20,8,"[27, 4, 31]"
2011-10-21,4,"[4, 23]"
2011-10-25,9,"[4, 23]"
2011-10-26,4,"[26, 4]"
2011-10-27,2,"[41, 4]"
2011-10-31,7,"[40, 4, 37, 38]"
2011-11-01,2,"[27, 4]"
2011-11-03,18,"[24, 25, 26, 4]"
2011-11-04,5,"[35, 4, 36]"
2011-11-07,7,"[72, 25, 4]"
2011-11-08,11,"[29, 4, 28, 60]"
2011-11-09,3,"[33, 4]"
2011-11-10,7,"[4, 79, 39]"
2011-11-11,3,"[40, 4]"
2011-11-16,6,"[62, 4, 21, 60]"
2011-11-17,7,"[40, 4, 79, 39]"
2011-11-18,1,[4]
2011-11-21,9,"[32, 4]"
2011-11-22,5,"[34, 4]"
2011-11-23,7,"[9, 43, 4]"
2011-11-24,5,"[33, 4, 63]"
2011-11-25,7,"[4, 38, 39]"
2011-11-28,6,"[32, 1, 4]"
2011-11-29,4,"[4, 29, 30]"
2011-11-30,3,"[32, 27, 4]"
2011-12-01,14,"[4, 55, 56, 57, 59]"
2011-12-02,4,"[34, 4]"
2011-12-05,3,"[4, 22, 23]"
2011-12-06,2,"[4, 38]"
2011-12-07,4,"[4, 31]"
2011-12-09,3,"[4, 29]"
2011-12-12,3,"[4, 28]"
2011-12-13,1,[4]
2011-12-14,6,"[32, 34, 4]"
2011-12-15,1,[4]
2011-12-16,4,"[4, 13, 38]"
2011-12-19,5,"[4, 28]"
2011-12-20,1,[4]
2011-12-21,11,"[25, 26, 4]"
2011-12-22,3,"[4, 20]"
2011-12-23,3,"[4, 23]"
2011-12-26,3,"[4, 14]"
2011-12-27,3,"[26, 4]"
2011-12-28,36,"[32, 33, 34, 35, 4, 31]"
2011-12-29,3,"[32, 4, 31]"
2011-12-30,10,"['142_suplemento', '394_suplemento', 4, '393_suplemento', 18, 21, '238_suplemento', '144_suplemento']"
2012-01-03,4,"[4, 15]"
2012-01-04,6,"[29, 4, 28]"
2012-01-05,2,"[25, 4]"
2012-01-06,4,"[24, 25, 4]"
2012-01-09,4,"[4, 15]"
2012-01-10,4,"[4, 21, 22]"
2012-01-11,14,"[27, 4, 28]"
2012-01-12,42,"[33, 34, 4, 26, 27, 28, 29, 30]"
2012-01-13,3,"[25, 4]"
2012-01-16,6,"[27, 4]"
2012-01-17,4,"[25, 26, 4]"
2012-01-18,8,"[25, 26, 4]"
2012-01-19,6,"[4, 21]"
2012-01-20,2,"[4, 28]"
2012-01-23,5,"[4, 21, 46]"
2012-01-24,3,"[4, 7]"
2012-01-25,2,"[4, 15]"
2012-01-26,3,"[26, 4]"
2012-01-27,13,"[32, 4, 5]"
2012-01-30,11,"[35, 4, 38, 39, 70, 41, 10, 43, 45, 50, 31]"
2012-01-31,2,"[4, 39]"
2012-02-01,10,"[4, 36, 51, 52, 54]"
2012-02-02,1,[4]
2012-02-03,9,"[4, 37, 36]"
2012-02-06,6,"[33, 4, 31]"
2012-02-07,9,"[26, 4]"
2012-02-08,5,"[4, 31]"
2012-02-09,1,[4]
2012-02-10,4,"[4, 30]"
2012-02-13,2,"[27, 4]"
2012-02-14,2,"[4, 20]"
2012-02-15,1,[4]
2012-02-17,2,"[35, 4]"
2012-02-23,6,"[33, 34, 4]"
2012-02-24,6,"[33, 4, 6]"
2012-02-27,1,[4]
2012-02-28,6,"[4, 37, 36]"
2012-02-29,4,"[26, 4, 5]"
2012-03-01,12,"[4, 45, 44]"
2012-03-02,2,"[27, 4]"
2012-03-05,1,[4]
2012-03-06,6,"[26, 4]"
2012-03-07,6,"[4, 30]"
2012-03-08,7,"[4, 36]"
2012-03-09,4,"[24, 4]"
2012-03-12,2,[30]
2012-03-15,3,[26]
2012-03-16,5,"[24, 22]"
2012-03-19,7,"[28, 29]"
2012-03-20,32,"[32, 34, 61, 27, 28, 29, 30, 31]"
2012-03-21,3,"[32, 30]"
2012-03-22,5,[30]
2012-03-27,1,[26]
2012-03-28,13,"[32, 28, 29]"
2012-03-29,15,"[30, 31]"
2012-04-02,7,[38]
2012-04-04,5,"[35, 4, 36]"
2012-04-09,7,"[4, 5, 41, 94, 95]"
2012-04-10,13,"[4, 29, 30]"
2012-04-11,1,[4]
2012-04-12,10,"[40, 39, 5, 7]"
2012-04-13,5,"[41, 6]"
2012-04-16,1,[32]
2012-04-17,4,"[4, 36]"
2012-04-18,12,[33]
2012-04-19,2,"[33, 34]"
2012-04-20,1,[47]
2012-04-23,1,[4]
2012-04-24,3,"[24, 25]"
2012-04-25,3,[25]
2012-04-26,2,[38]
2012-04-27,9,"[49, 50]"
2012-04-30,3,"[28, 29]"
2012-05-02,3,[37]
2012-05-03,4,"[24, 4]"
2012-05-04,2,[24]
2012-05-07,1,[5]
2012-05-08,2,"[27, 22]"
2012-05-09,3,"[26, 29]"
2012-05-10,1,[58]
2012-05-14,32,"[23, 24, 25, 26, 27]"
2012-05-15,8,"[75, 29, 30]"
2012-05-16,1,[73]
2012-05-17,3,"[28, 61]"
2012-05-18,8,"[91, 42, 43]"
2012-05-21,6,"[40, 93, 53, 31]"
2012-05-22,4,"[40, 37]"
2012-05-24,3,[35]
2012-05-25,2,[30]
2012-05-28,2,[25]
2012-05-29,4,[32]
2012-05-30,9,"[34, 36, 38, 39, 9, 41, 28, 93, 31]"
2012-05-31,21,"[30, 31]"
2012-06-01,6,"[53, 54]"
2012-06-04,1,[21]
2012-06-05,1,[37]
2012-06-06,20,"[38, 39]"
2012-06-11,4,"[4, 36]"
2012-06-12,2,[32]
2012-06-13,7,"[34, 35]"
2012-06-14,6,[43]
2012-06-15,40,"[41, 42, 43, 46, 49, 50, 51, 56]"
2012-06-19,2,[51]
2012-06-22,6,"[33, 34]"
2012-06-26,1,[33]
2012-06-27,23,"[4, 58, 59, 60, 61]"
2012-06-29,1,[7]
2012-07-02,2,[57]
2012-07-03,3,"[30, 31]"
2012-07-04,21,"[45, 50, 58, 59, 60]"
2012-07-05,8,"[5, 38, 39, 52, 54]"
2012-07-06,10,[48]
2012-07-09,3,"[20, 21]"
2012-07-11,1,[19]
2012-07-12,2,[35]
2012-07-13,9,[24]
2012-07-16,8,"[81, 14, 39]"
2012-07-19,6,[34]
2012-07-20,2,[36]
2012-07-23,2,[16]
2012-07-24,1,[8]
2012-07-25,4,"[48, 9]"
2012-07-27,5,[57]
2012-08-01,6,[50]
2012-08-06,6,[24]
2012-08-07,2,[28]
2012-08-08,1,[29]
2012-08-09,18,"[25, 26, 27]"
2012-08-10,9,[27]
2012-08-13,9,[28]
2012-08-14,1,[25]
2012-08-16,1,[26]
2012-08-17,1,[28]
2012-08-20,15,"[28, 29]"
2012-08-22,1,[31]
2012-08-23,4,"[5, 31]"
2012-08-24,3,[35]
2012-08-27,2,[33]
2012-08-28,2,[33]
2012-08-29,8,[35]
2012-08-30,3,[31]
2012-08-31,2,[40]
2012-09-04,4,"[25, 26, 5]"
2012-09-06,2,"[5, 7]"
2012-09-10,5,"[36, 37]"
2012-09-11,17,"[33, 34]"
2012-09-12,18,"[36, 37, 19, 25, 27]"
2012-09-13,16,"[21, 30, 31]"
2012-09-14,1,[10]
2012-09-17,4,"[26, 27]"
2012-09-18,1,[19]
2012-09-19,6,[31]
2012-09-20,2,[29]
2012-09-21,8,"[32, 33, 8, 23, 26, 28, 29, 31]"
2012-09-24,12,"[24, 23]"
2012-09-26,2,[23]
2012-09-27,1,[44]
2012-09-28,3,"[37, 5, 6]"
2012-10-01,9,"[34, 35]"
2012-10-02,7,"[48, 19]"
2012-10-03,17,"[24, 25, 23]"
2012-10-04,12,"[11, 28, 29]"
2012-10-05,12,"[29, 30]"
2012-10-08,4,"[22, 23]"
2012-10-09,8,"[56, 21]"
2012-10-10,1,[72]
2012-10-16,1,[29]
2012-10-17,3,[20]
2012-10-18,3,"[8, 40]"
2012-10-22,4,[24]
2012-10-23,1,[10]
2012-10-25,17,"[27, 28]"
2012-10-26,5,"[33, 5, 7]"
2012-10-30,14,"[34, 35, 4]"
2012-10-31,4,"[8, 40]"
2012-11-01,3,"[40, 4]"
2012-11-05,1,[4]
2012-11-06,9,"[4, 31]"
2012-11-07,10,"[27, 4, 28]"
2012-11-08,2,"[27, 4]"
2012-11-09,7,"[27, 4, 5]"
2012-11-12,3,"[4, 29]"
2012-11-13,9,"[24, 4, 20]"
2012-11-14,4,"[25, 4]"
2012-11-19,12,"[4, 30, 31]"
2012-11-20,3,"[24, 33, 4]"
2012-11-21,1,[4]
2012-11-22,1,[4]
2012-11-23,1,[4]
2012-11-26,1,[4]
2012-11-27,3,"[4, 30]"
2012-11-28,1,[4]
2012-11-29,3,"[4, 28]"
2012-11-30,2,"[4, 45]"
2012-12-03,3,"[4, 22, 55]"
2012-12-04,3,"[4, 28]"
2012-12-05,1,[50]
2012-12-06,6,"[8, 28, 29]"
2012-12-07,27,"[32, 5, 30, 31]"
2012-12-11,3,"[21, 22]"
2012-12-13,4,"[34, 35]"
2012-12-17,4,"[24, 25, 26]"
2012-12-20,2,"[61, 7]"
2012-12-21,11,"[32, 13, 30, 31]"
2012-12-28,14,"['571_suplemento', '588_suplemento', '585_suplemento', '580_suplemento', '582_suplemento', '587_suplemento', '583_suplemento', '579_suplemento']"
2013-01-02,2,[32]
2013-01-07,9,"[20, 21]"
2013-01-08,2,[13]
2013-01-09,4,"[27, 29]"
2013-01-10,4,[18]
2013-01-11,3,[18]
2013-01-14,4,"[21, 22]"
2013-01-15,1,[14]
2013-01-16,3,[21]
2013-01-17,1,[24]
2013-01-18,2,[21]
2013-01-22,3,[16]
2013-01-23,2,[21]
2013-01-24,1,[18]
2013-01-25,2,[35]
2013-01-28,57,"['11_suplemento', '9_suplemento', '14_suplemento', '15_suplemento', '28_suplemento', '2_suplemento', '29_suplemento', '12_suplemento', '19_suplemento', 21, 22, 23, 24, 25, 26, '13_suplemento']"
2013-01-29,4,"[18, 5]"
2013-01-30,1,[63]
2013-01-31,8,[54]
2013-02-01,1,[67]
2013-02-04,21,"[28, 29]"
2013-02-05,8,"[22, 23]"
2013-02-06,8,"[4, 31]"
2013-02-07,12,"[26, 27, 4]"
2013-02-08,12,"[37, 4, 5]"
2013-02-14,1,[4]
2013-02-15,2,"[26, 4]"
2013-02-18,5,"[80, 26, 4, 79]"
2013-02-19,8,"[29, 4, 28]"
2013-02-21,7,"[1, 4, 12, 27, 28]"
2013-02-22,3,"[33, 27, 4]"
2013-02-25,19,"[38, 4, 37, 36]"
2013-02-26,3,"[34, 4]"
2013-02-27,1,[4]
2013-02-28,8,"[34, 4, 5, 36]"
2013-03-01,3,"[4, 29]"
2013-03-04,2,"[26, 4]"
2013-03-05,7,"[24, 1, 4, 22]"
2013-03-06,18,"[1, 34, 35, 4]"
2013-03-07,26,"[4, 29, 30, 31]"
2013-03-08,8,"[4, 37, 38]"
2013-03-11,4,"[25, 18, 4]"
2013-03-12,3,"[24, 4]"
2013-03-13,5,"[32, 4, 31]"
2013-03-14,3,"[27, 4]"
2013-03-15,6,"[34, 4]"
2013-03-18,7,"[27, 4, 28]"
2013-03-19,7,"[4, 22, 23]"
2013-03-20,8,"[32, 4]"
2013-03-21,6,"[4, 45, 44]"
2013-03-22,21,"[25, 26, 27, 4]"
2013-03-25,1,[4]
2013-03-26,5,"[24, 4]"
2013-03-27,8,"[33, 34, 4]"
2013-04-01,5,"[4, 5, 70]"
2013-04-02,1,[4]
2013-04-03,2,"[4, 29]"
2013-04-04,7,"[34, 4, 30, 31]"
2013-04-05,5,"[27, 4, 28]"
2013-04-08,6,"[90, 91, 4, 23]"
2013-04-09,5,"[4, 28]"
2013-04-10,4,"[89, 4]"
2013-04-11,1,[4]
2013-04-12,11,"[4, 38]"
2013-04-15,8,"[4, 28]"
2013-04-16,5,"[4, 30]"
2013-04-17,4,"[34, 4]"
2013-04-18,1,[4]
2013-04-19,10,"[24, 27, 4]"
2013-04-22,1,[4]
2013-04-23,4,"[4, 31]"
2013-04-24,1,[4]
2013-04-25,4,"[4, 22]"
2013-04-26,33,"[42, 43, 4, 44]"
2013-04-29,2,"[24, 4]"
2013-04-30,3,"[4, 5]"
2013-05-02,5,"[10, 4, 71, 39]"
2013-05-03,1,[4]
2013-05-06,2,"[4, 30]"
2013-05-07,15,"[32, 33, 4, 31]"
2013-05-08,1,[4]
2013-05-09,5,"[4, 30]"
2013-05-10,1,[4]
2013-05-13,1,[4]
2013-05-14,2,"[26, 4]"
2013-05-15,2,"[4, 36]"
2013-05-16,6,"[1, 4, 31]"
2013-05-17,8,"[4, 29, 30]"
2013-05-20,1,[4]
2013-05-21,18,"[4, 37, 39, 40, 41, 43, 51, 52, 24]"
2013-05-22,9,"[33, 4]"
2013-05-23,2,"[4, 28]"
2013-05-24,19,"[26, 67, 4, 66]"
2013-05-27,1,[4]
2013-05-28,4,"[4, 31]"
2013-05-29,17,"['58_suplemento', '11_suplemento', 34, 4, '33_suplemento', '29_suplemento', '38_suplemento', '43_suplemento', '40_suplemento', '45_suplemento', '37_suplemento', '52_suplemento', 30, 31]"
2013-06-03,4,"[26, 4]"
2013-06-04,10,"[4, 5]"
2013-06-05,2,"[4, 36]"
2013-06-06,3,"[4, 31]"
2013-06-07,5,"[34, 4]"
2013-06-10,1,[4]
2013-06-11,5,"[33, 34, 4]"
2013-06-12,13,"[28, 27, 4, 5]"
2013-06-13,2,"[4, 31]"
2013-06-14,1,[4]
2013-06-17,27,"[1, 4, 28, 29, 30, 31]"
2013-06-18,7,"[33, 34, 4, 70]"
2013-06-19,9,"[4, 39]"
2013-06-20,10,"[32, 4]"
2013-06-21,5,"[25, 4]"
2013-06-24,8,"[33, 35, 4]"
2013-06-25,1,[4]
2013-06-26,1,[4]
2013-06-27,4,"[4, 31]"
2013-06-28,1,[4]
2013-07-01,3,"[33, 4]"
2013-07-02,1,[4]
2013-07-03,15,"[32, 4, 31]"
2013-07-04,12,"[33, 34, 4]"
2013-07-05,1,[4]
2013-07-08,2,"[4, 6]"
2013-07-09,1,[4]
2013-07-10,4,"[59, 4]"
2013-07-11,9,"[1, 4, 37, 36]"
2013-07-12,3,"[33, 4]"
2013-07-15,3,"[24, 4]"
2013-07-16,3,"[4, 39]"
2013-07-17,4,"[18, 4, 30, 71]"
2013-07-18,1,[4]
2013-07-19,2,"[4, 5]"
2013-07-22,15,"[4, 5, 36]"
2013-07-23,5,"[33, 34, 4]"
2013-07-24,9,"[27, 4, 28]"
2013-07-25,6,"[99, 4, 55, 15]"
2013-07-26,3,"[4, 39]"
2013-07-29,1,[4]
2013-07-30,3,"[41, 4]"
2013-07-31,1,[4]
2013-08-01,6,"[35, 4, 36]"
2013-08-02,1,[4]
2013-08-05,4,"[26, 4, 7]"
2013-08-06,3,"[4, 20]"
2013-08-07,10,"[4, 29, 22]"
2013-08-08,1,[4]
2013-08-09,11,"[4, 37]"
2013-08-12,2,"[48, 4]"
2013-08-13,1,[4]
2013-08-14,9,"[26, 27, 4]"
2013-08-19,1,[4]
2013-08-20,3,"[4, 36]"
2013-08-21,1,[4]
2013-08-22,1,[4]
2013-08-23,8,"[49, 50, 4]"
2013-08-26,1,[4]
2013-08-27,4,"[4, 31]"
2013-08-28,8,"[40, 4]"
2013-08-29,3,"[35, 4]"
2013-08-30,3,"[35, 4, 20]"
2013-09-02,6,"[4, 23]"
2013-09-03,5,"[21, 4, 20]"
2013-09-04,6,"[4, 37, 38]"
2013-09-05,3,"[35, 4]"
2013-09-06,1,[4]
2013-09-09,6,"[32, 4]"
2013-09-10,1,[4]
2013-09-11,2,"[32, 4]"
2013-09-12,3,"[35, 4, 36]"
2013-09-13,3,"[26, 4]"
2013-09-16,2,"[34, 4]"
2013-09-17,3,"[4, 23]"
2013-09-18,18,"[32, 1, 4, 30, 31]"
2013-09-19,19,"[4, 29, 30, 31]"
2013-09-20,5,"[4, 5, 38, 41, 28]"
2013-09-23,6,"[40, 4]"
2013-09-24,10,"[24, 4, 5]"
2013-09-25,3,"[4, 5]"
2013-09-26,6,"[32, 4, 5]"
2013-09-27,2,"[4, 5]"
2013-09-30,10,"[34, 4, 5, 41, 45, 15, 54, 59, 60, 61]"
2013-10-01,1,[4]
2013-10-02,1,[4]
2013-10-03,6,"[27, 4]"
2013-10-04,15,"[28, 4, 5, 6]"
2013-10-07,12,"[32, 4, 30, 31]"
2013-10-08,2,"[24, 4]"
2013-10-09,2,"[4, 36]"
2013-10-10,1,[4]
2013-10-11,4,"[42, 4, 30, 31]"
2013-10-15,4,"[4, 23]"
2013-10-16,4,"[4, 29]"
2013-10-17,15,"[4, 21, 23]"
2013-10-18,2,"[4, 36]"
2013-10-21,8,"[24, 4]"
2013-10-22,1,[4]
2013-10-23,8,"[4, 7, 12, 13, 52]"
2013-10-24,6,"[4, 37, 36]"
2013-10-25,2,"[4, 31]"
2013-10-29,1,[4]
2013-10-30,6,"[8, 80, 4, 38]"
2013-10-31,1,[4]
2013-11-01,2,"[41, 4]"
2013-11-04,15,"[40, 4, 39]"
2013-11-05,8,"[24, 4]"
2013-11-06,8,"[25, 4, 5]"
2013-11-07,8,"[37, 4, 5]"
2013-11-08,10,"[33, 34, 4, 5]"
2013-11-11,12,"[38, 4, 37, 36]"
2013-11-12,10,"[4, 38]"
2013-11-13,3,"[4, 44]"
2013-11-14,2,"[4, 29]"
2013-11-18,5,"[43, 4]"
2013-11-19,11,"[33, 35, 4, 42, 43, 27]"
2013-11-20,3,"[4, 31]"
2013-11-21,3,"[48, 4]"
2013-11-22,3,"[66, 67, 4]"
2013-11-25,27,"[35, 4, 37, 38, 36, 39]"
2013-11-26,1,[4]
2013-11-27,3,"[35, 4]"
2013-11-28,17,"[43, 4, 44]"
2013-11-29,9,"[8, 40, 4]"
2013-12-02,1,[4]
2013-12-03,4,"[35, 4, 52]"
2013-12-04,4,"[4, 5, 22]"
2013-12-05,6,"[37, 4, 5]"
2013-12-06,15,"[4, 20]"
2013-12-09,4,"[4, 5, 31]"
2013-12-10,2,"[4, 5]"
2013-12-11,3,"[33, 4, 5]"
2013-12-12,3,"[4, 5, 30]"
2013-12-13,2,"[4, 5]"
2013-12-16,25,"[4, 5, 26, 27, 28, 29]"
2013-12-17,11,"[97, 4, 12, 17, 23, 88, 90]"
2013-12-18,11,"[18, 19, 4]"
2013-12-19,8,"[1, 4, 29]"
2013-12-20,2,"[32, 4]"
2013-12-23,2,"[4, 5]"
2013-12-26,4,"[21, 4, 5]"
2013-12-27,5,"[26, 4]"
2013-12-30,17,"[4, 5, 38, '39_suplemento', '67_suplemento', '4_suplemento', '46_suplemento', '75_suplemento', '73_suplemento', '86_suplemento', '50_suplemento', '26_suplemento', '91_suplemento']"
2013-12-31,1,[4]
2014-01-02,13,"[4, 5, 12, 13, 16, 18]"
2014-01-03,4,"[12, 4, 5]"
2014-01-06,1,[4]
2014-01-07,7,"[20, 4, 5]"
2014-01-08,5,"[24, 4]"
2014-01-09,10,"[26, 27, 4]"
2014-01-10,5,"[50, 4, 5]"
2014-01-13,11,"[32, 33, 34, 4, 5, 30, 31]"
2014-01-14,3,"[4, 5, 52]"
2014-01-15,2,"[4, 5]"
2014-01-16,11,"[4, 5, 38, 39, 40, 13]"
2014-01-17,13,"[41, 4]"
2014-01-20,6,"[17, 4]"
2014-01-21,3,"[19, 4]"
2014-01-22,9,"[17, 18, 4]"
2014-01-23,10,"[18, 4]"
2014-01-24,3,"[19, 4]"
2014-01-27,1,[4]
2014-01-28,1,[4]
2014-01-29,13,"[4, 37, 36]"
2014-01-30,1,[4]
2014-01-31,2,"[33, 4]"
2014-02-03,2,"[4, 53]"
2014-02-04,3,"[4, 29]"
2014-02-05,1,[4]
2014-02-06,3,"[26, 27, 4]"
2014-02-07,1,[4]
2014-02-10,1,[4]
2014-02-11,3,"[32, 4]"
2014-02-12,3,"[32, 4]"
2014-02-13,6,"[41, 4]"
2014-02-14,8,"['9_suplemento', '32_suplemento', 4, 5, '27_suplemento', '29_suplemento', '36_suplemento', '23_suplemento']"
2014-02-17,5,"[42, 4]"
2014-02-18,2,"[4, 52]"
2014-02-19,3,"[35, 4]"
2014-02-20,2,"[25, 4]"
2014-02-21,4,"[4, 22]"
2014-02-24,2,"[4, 5]"
2014-02-25,3,"[29, 4, 5]"
2014-02-26,2,"[4, 46]"
2014-02-27,2,"[4, 5]"
2014-02-28,11,"[37, 4, 5, 36]"
2014-03-06,7,"[28, 29, 4, 5]"
2014-03-07,1,[4]
2014-03-10,2,"[4, 5]"
2014-03-11,6,"[35, 4]"
2014-03-12,7,"[4, 30, 31]"
2014-03-13,2,"[4, 31]"
2014-03-14,7,"[4, 45]"
2014-03-17,3,"[35, 4]"
2014-03-18,2,"[32, 4]"
2014-03-19,3,"[34, 4]"
2014-03-20,2,"[35, 4]"
2014-03-21,5,"[33, 4]"
2014-03-24,3,"[4, 28, 76]"
2014-03-25,7,"[4, 29]"
2014-03-26,17,"[4, 30, 31]"
2014-03-27,1,[4]
2014-03-28,2,"[59, 4]"
2014-03-31,6,"[4, 37, 5, 36, 74]"
2014-04-01,4,"[32, 4]"
2014-04-02,3,"[27, 4]"
2014-04-03,5,"[25, 4]"
2014-04-04,5,"[4, 29]"
2014-04-07,3,"[4, 31]"
2014-04-08,1,[4]
2014-04-09,7,"[25, 4]"
2014-04-10,7,"[4, 37]"
2014-04-11,4,"[4, 37, 36]"
2014-04-14,1,[6]
2014-04-15,2,"[4, 36]"
2014-04-16,2,"[4, 44]"
2014-04-17,1,[4]
2014-04-22,4,"[26, 4]"
2014-04-23,1,[4]
2014-04-24,5,"[27, 4, 28]"
2014-04-25,1,[4]
2014-04-28,6,"[4, 38]"
2014-04-29,1,[4]
2014-04-30,8,"[35, 4, 36]"
2014-05-02,7,"[4, 31]"
2014-05-05,1,[4]
2014-05-06,6,"[4, 30]"
2014-05-07,2,"[35, 4]"
2014-05-08,8,"[81, 82, 4, 37]"
2014-05-09,7,"[75, 35, 4]"
2014-05-12,5,"[4, 39]"
2014-05-13,8,"[24, 4]"
2014-05-14,5,"[4, 30]"
2014-05-15,4,"[35, 4]"
2014-05-16,3,"[4, 28]"
2014-05-19,5,"[4, 28]"
2014-05-20,2,"[25, 4]"
2014-05-21,3,"[4, 44]"
2014-05-22,11,"[65, 4, 72, 73, 54, 61]"
2014-05-23,3,"[4, 36]"
2014-05-26,1,[4]
2014-05-27,7,"[35, 4, 36]"
2014-05-28,1,[4]
2014-05-29,1,[4]
2014-05-30,5,"['11_suplemento', 4, '33_suplemento', '40_suplemento', '45_suplemento']"
2014-06-02,4,"[32, 4]"
2014-06-03,4,"[24, 4]"
2014-06-04,2,"[25, 4]"
2014-06-05,3,"[4, 36]"
2014-06-06,3,"[32, 4]"
2014-06-09,3,"[32, 4]"
2014-06-10,1,[4]
2014-06-11,4,"[6, 30]"
2014-06-12,5,"[32, 4]"
2014-06-13,9,"[4, 21, 22]"
2014-06-16,1,[4]
2014-06-17,5,"[4, 30, 31]"
2014-06-18,1,[4]
2014-06-20,13,"[4, 28]"
2014-06-23,1,[4]
2014-06-24,1,[4]
2014-06-25,5,"[4, 28]"
2014-06-26,1,[4]
2014-06-27,2,"[64, 4]"
2014-06-30,7,"[4, 45, 44]"
2014-07-01,6,"[32, 34, 4]"
2014-07-02,8,"[35, 4]"
2014-07-03,6,"[35, 4]"
2014-07-04,4,"[4, 12]"
2014-07-07,1,[4]
2014-07-08,2,"[25, 4]"
2014-07-09,1,[4]
2014-07-10,20,"[4, 37, 38]"
2014-07-11,2,"[43, 4]"
2014-07-14,5,"[35, 4, 36]"
2014-07-15,1,[4]
2014-07-16,14,"[24, 4, 23]"
2014-07-17,6,"[4, 29, 30]"
2014-07-18,1,[4]
2014-07-21,8,"[4, 21, 22]"
2014-07-22,1,[4]
2014-07-23,7,"[4, 38, 26, 27, 28, 30]"
2014-07-24,5,"[4, 39]"
2014-07-25,6,"[4, 5, 31]"
2014-07-28,1,[4]
2014-07-29,1,[4]
2014-07-30,1,[4]
2014-07-31,3,"[4, 22, 44]"
2014-08-01,4,"[24, 4]"
2014-08-04,4,"[4, 22]"
2014-08-05,5,"[25, 4]"
2014-08-06,4,"[70, 4, 22]"
2014-08-07,7,"[26, 4]"
2014-08-08,4,"[25, 4]"
2014-08-11,1,[4]
2014-08-12,6,"[26, 4, 53]"
2014-08-13,4,"[13, 51, 4, 77]"
2014-08-14,10,"[62, 4, 29, 30]"
2014-08-18,13,"[32, 33, 4]"
2014-08-19,2,"[4, 30]"
2014-08-20,1,[4]
2014-08-21,2,"[24, 4]"
2014-08-22,16,"[32, 33, 34, 4]"
2014-08-25,10,"[40, 41, 4]"
2014-08-26,5,"[25, 4]"
2014-08-27,2,"[4, 30]"
2014-08-28,3,"[4, 28]"
2014-08-29,1,[4]
2014-09-01,1,[4]
2014-09-02,1,[4]
2014-09-03,4,"[4, 5, 31]"
2014-09-04,11,"[4, 18, 24, 25, 26]"
2014-09-05,1,[4]
2014-09-08,2,"[2, 4]"
2014-09-09,4,"[4, 22, 23]"
2014-09-10,4,"[49, 4]"
2014-09-11,6,"[34, 35, 4]"
2014-09-12,10,"[4, 31]"
2014-09-15,8,"[32, 29, 4, 28]"
2014-09-16,1,[4]
2014-09-17,4,"[4, 20]"
2014-09-18,2,"[4, 30]"
2014-09-19,2,"[49, 4]"
2014-09-22,5,"[4, 36]"
2014-09-23,15,"[4, 36, 44, 45, 30]"
2014-09-24,4,"[29, 4, 28]"
2014-09-25,1,[4]
2014-09-26,5,"[74, 75, 4]"
2014-09-29,6,"[26, 4]"
2014-09-30,11,"[4, '60_suplemento', '38_suplemento', '34_suplemento', '40_suplemento', '45_suplemento', '13_suplemento', '37_suplemento', '53_suplemento', 28]"
2014-10-01,6,"[4, 28]"
2014-10-02,1,[4]
2014-10-03,1,[4]
2014-10-06,4,"[26, 4]"
2014-10-07,3,"[25, 4]"
2014-10-08,1,[4]
2014-10-09,5,"[27, 4]"
2014-10-10,1,[4]
2014-10-14,11,"[1, 4, 14, 15]"
2014-10-15,2,"[24, 4]"
2014-10-16,5,"[1, 34, 4]"
2014-10-17,1,[4]
2014-10-20,7,"[4, 28]"
2014-10-21,9,"[4, 29]"
2014-10-22,6,"[4, 37, 38]"
2014-10-23,4,"[33, 34, 4]"
2014-10-24,5,"[4, 38]"
2014-10-28,2,"[4, 30]"
2014-10-29,1,[4]
2014-10-30,11,"[4, 39, 41, 42, 43]"
2014-11-03,4,"[25, 4]"
2014-11-04,2,"[1, 4]"
2014-11-05,2,"[4, 47]"
2014-11-06,5,"[4, 22]"
2014-11-07,4,"[4, 30]"
2014-11-10,3,"[34, 4]"
2014-11-11,6,"[29, 4, 28]"
2014-11-12,1,[4]
2014-11-13,1,[4]
2014-11-14,2,"[4, 30]"
2014-11-17,1,[4]
2014-11-18,2,"[40, 4]"
2014-11-19,1,[4]
2014-11-20,1,[4]
2014-11-21,1,[4]
2014-11-24,4,"[27, 4]"
2014-11-25,4,"[4, 29]"
2014-11-26,2,"[4, 22]"
2014-11-27,13,"[49, 50, 4]"
2014-11-28,1,[4]
2014-12-01,1,[4]
2014-12-03,3,"[25, 4]"
2014-12-04,1,[4]
2014-12-05,10,"[48, 4, 5]"
2014-12-09,1,[4]
2014-12-10,6,"[4, 31]"
2014-12-11,6,"[4, 92, 84]"
2014-12-12,2,"[33, 4]"
2014-12-15,1,[4]
2014-12-16,3,"[4, 28]"
2014-12-17,8,"[51, 4]"
2014-12-18,1,[4]
2014-12-22,4,"[26, 27, 4]"
2014-12-23,16,"[38, 4, 37, 14]"
2014-12-29,2,"[4, 30]"
2014-12-31,1,[4]
2015-01-01,4,"[34, 35, 4, 20]"
2015-01-05,1,[4]
2015-01-06,1,[4]
2015-01-07,5,"[4, 22, 23]"
2015-01-08,3,"[4, 13]"
2015-01-09,5,"[4, 21]"
2015-01-12,1,[4]
2015-01-13,2,"[19, 4]"
2015-01-14,5,"[18, 4]"
2015-01-15,7,"[48, 4, 47]"
2015-01-16,16,"[21, 19, 4, 20]"
2015-01-19,24,"[4, 16, 17, 18, 49]"
2015-01-20,21,"[24, 25, 26, 4]"
2015-01-21,21,"[4, 21, 22]"
2015-01-22,18,"[32, 4, 31]"
2015-01-26,2,"[4, 15]"
2015-01-27,2,"[4, 38]"
2015-01-28,1,[4]
2015-01-29,11,"[16, 17, 4]"
2015-01-30,19,"[49, 50, 4]"
2015-02-02,10,"[16, 17, 4]"
2015-02-03,4,"[19, 4]"
2015-02-04,2,"[35, 4]"
2015-02-05,9,"[29, 4, 28]"
2015-02-06,9,"[29, 4, 28]"
2015-02-09,1,[4]
2015-02-10,4,"[4, 37, 38]"
2015-02-11,1,[4]
2015-02-12,9,"[24, 4]"
2015-02-13,1,[4]
2015-02-19,3,"[35, 4]"
2015-02-20,9,"[18, 19, 4]"
2015-02-24,6,"[24, 4]"
2015-02-25,5,"[4, 29]"
2015-02-26,1,[4]
2015-02-27,12,"[40, 41, 4]"
2015-03-02,10,"[21, 4, 20]"
2015-03-03,7,"[4, 23]"
2015-03-05,13,"[42, 4]"
2015-03-06,1,[4]
2015-03-09,3,"[26, 4]"
2015-03-10,3,"[4, 14, 15]"
2015-03-11,6,"[24, 4]"
2015-03-12,6,"[24, 25, 4]"
2015-03-13,3,"[4, 31]"
2015-03-16,5,"[4, 39]"
2015-03-17,10,"[4, 20]"
2015-03-18,1,[4]
2015-03-19,2,"[4, 13]"
2015-03-20,5,"[21, 4, 20]"
2015-03-23,1,[4]
2015-03-24,1,[4]
2015-03-25,5,"[24, 4]"
2015-03-26,2,"[26, 4]"
2015-03-27,2,"[17, 4]"
2015-03-30,3,"[4, 45]"
2015-03-31,1,[4]
2015-04-01,2,"[4, 21]"
2015-04-06,2,"[24, 4]"
2015-04-07,1,[4]
2015-04-08,8,"[33, 4, 6]"
2015-04-09,3,"[4, 22]"
2015-04-10,5,"[32, 4]"
2015-04-13,1,[4]
2015-04-15,6,"[27, 4, 28]"
2015-04-16,1,[4]
2015-04-17,6,"[29, 4, 28, 70]"
2015-04-22,11,"[25, 26, 4]"
2015-04-23,1,[4]
2015-04-24,1,[4]
2015-04-27,1,[4]
2015-04-28,7,"[17, 4]"
2015-04-29,1,[4]
2015-04-30,13,"[21, 4, 20]"
2015-05-04,9,"[4, 22]"
2015-05-05,9,"[25, 26, 4]"
2015-05-06,9,"[4, 29]"
2015-05-07,17,"[4, 29, 30]"
2015-05-08,4,"[1, 4, 21]"
2015-05-11,3,"[11, 4, 5]"
2015-05-12,10,"[43, 42, 19, 4]"
2015-05-13,6,"[17, 18, 4]"
2015-05-14,8,"[4, 22]"
2015-05-15,6,"[24, 25, 4]"
2015-05-18,7,"[26, 27, 4]"
2015-05-19,13,"[48, 49, 4]"
2015-05-20,8,"[34, 35, 4]"
2015-05-21,4,"[27, 4, 93]"
2015-05-22,1,[4]
2015-05-25,5,"[26, 4]"
2015-05-26,5,"[21, 4, 20]"
2015-05-27,1,[4]
2015-05-28,1,[4]
2015-05-29,5,"[49, 4, 5]"
2015-06-01,8,"[21, 4, 20]"
2015-06-02,2,"[4, 53]"
2015-06-03,6,"[24, 4]"
2015-06-08,11,"[24, 25, 4]"
2015-06-09,5,"[26, 27, 4]"
2015-06-10,1,[4]
2015-06-11,1,[2]
2015-06-12,6,"[26, 27, 4]"
2015-06-15,6,"[4, 22, 23]"
2015-06-16,18,"[4, 37, 38, 15, 23, 25, 26, 28]"
2015-06-17,16,"[24, 25, 26, 4]"
2015-06-18,6,"[33, 34, 4]"
2015-06-19,6,"[32, 4]"
2015-06-22,7,"[4, 22]"
2015-06-23,1,[4]
2015-06-24,7,"[27, 4]"
2015-06-25,1,[4]
2015-06-26,7,"[24, 25, 4, 30]"
2015-06-29,21,"[4, 7, 8, 9, 10, 11]"
2015-06-30,1,[4]
2015-07-01,4,"[34, 4]"
2015-07-02,7,"[4, 23]"
2015-07-03,4,"[32, 33, 4]"
2015-07-06,5,"[1, 4, 22, 23]"
2015-07-07,10,"[25, 26, 27, 4]"
2015-07-08,8,"[4, 11, 75, 19, 61]"
2015-07-09,15,"[4, 22, 23]"
2015-07-10,13,"[4, 30, 31]"
2015-07-13,10,"[27, 4, 28]"
2015-07-14,5,"[1, 4, 28]"
2015-07-15,9,"[4, 23]"
2015-07-16,2,"[4, 47]"
2015-07-17,18,"[32, 33, 4]"
2015-07-20,2,"[4, 20]"
2015-07-21,1,[4]
2015-07-22,8,"[4, 20]"
2015-07-23,3,"[25, 4]"
2015-07-24,6,"[26, 4]"
2015-07-27,3,"[4, 15]"
2015-07-28,1,[4]
2015-07-29,3,"[25, 26, 4]"
2015-07-30,7,"[51, 4, 52]"
2015-07-31,10,"[34, 35, 4]"
2015-08-03,1,[4]
2015-08-04,3,"[19, 4]"
2015-08-05,11,"[25, 26, 4]"
2015-08-06,15,"[24, 4, 23]"
2015-08-07,15,"[4, 44, 45, 46, 47]"
2015-08-10,8,"[25, 4, 37]"
2015-08-11,16,"[26, 27, 4]"
2015-08-12,6,"[18, 4]"
2015-08-13,8,"[4, 22]"
2015-08-14,7,"[27, 4, 28, 70]"
2015-08-17,3,"[4, 20]"
2015-08-18,5,"[24, 25, 4]"
2015-08-19,6,"[17, 4]"
2015-08-20,6,"[27, 4, 28]"
2015-08-21,11,"[25, 26, 4]"
2015-08-24,3,"[24, 4]"
2015-08-25,8,"[4, 22]"
2015-08-26,6,"[35, 19, 4, 36]"
2015-08-27,4,"[4, 21]"
2015-08-28,7,"[4, 30, 31]"
2015-09-02,3,"[25, 4]"
2015-09-03,3,"[19, 4]"
2015-09-08,5,"[21, 4, 20]"
2015-09-09,2,"[4, 21]"
2015-09-10,10,"[29, 4, 28]"
2015-09-11,1,[4]
2015-09-14,3,"[26, 4]"
2015-09-15,1,[4]
2015-09-16,3,"[34, 4]"
2015-09-17,5,"[4, 36]"
2015-09-18,9,"[32, 33, 4, 13, 18]"
2015-09-23,4,"[4, 53, 52]"
2015-09-24,14,"[64, 65, 4, 63]"
2015-09-25,7,"[49, 4, 5]"
2015-09-28,21,"[4, 21, 22]"
2015-09-30,12,"[26, 4]"
2015-10-01,3,"[4, 21]"
2015-10-02,4,"[33, 4]"
2015-10-05,9,"[4, 37, 38]"
2015-10-06,16,"[18, 19, 4]"
2015-10-07,9,"[4, 23]"
2015-10-09,7,"[4, 23]"
2015-10-13,22,"[32, 1, 33, 4, 16, 22, 31]"
2015-10-14,4,"[8, 18, 4]"
2015-10-15,6,"[96, 11, 4]"
2015-10-16,7,"[34, 4]"
2015-10-20,1,[4]
2015-10-21,4,"[11, 4, 29]"
2015-10-22,21,"[66, 4, 17, 18, 19, 59]"
2015-10-23,4,"[4, 20]"
2015-10-26,14,"[17, 18, 4, 5]"
2015-10-27,1,[4]
2015-10-28,5,"[4, 22]"
2015-10-29,7,"[24, 4]"
2015-11-03,5,"[26, 4]"
2015-11-04,10,"[4, 29]"
2015-11-05,9,"[4, 22, 23]"
2015-11-06,1,[4]
2015-11-09,7,"[25, 4, 5]"
2015-11-10,2,"[10, 4]"
2015-11-11,9,"[28, 27, 4, 5]"
2015-11-12,6,"[4, 23]"
2015-11-13,12,"[4, 12, 30, 31]"
2015-11-16,15,"[32, 33, 4]"
2015-11-17,9,"[10, 4]"
2015-11-18,5,"[4, 31]"
2015-11-19,2,"[4, 28]"
2015-11-20,1,[4]
2015-11-23,6,"[4, 23]"
2015-11-24,15,"[40, 41, 4]"
2015-11-25,6,"[27, 4, 5]"
2015-11-26,13,"[24, 4, 44]"
2015-11-27,1,[4]
2015-11-30,12,"[56, 4, 55]"
2015-12-01,2,"[10, 4]"
2015-12-02,9,"[27, 4, 28]"
2015-12-03,4,"[34, 4]"
2015-12-04,7,"[32, 33, 4, 50, 19, 27]"
2015-12-09,3,"[33, 4]"
2015-12-10,2,"[4, 92]"
2015-12-11,15,"[26, 4]"
2015-12-14,4,"[24, 4]"
2015-12-15,14,"[29, 34, 4, 28]"
2015-12-16,7,"[4, 29, 30]"
2015-12-17,6,"[24, 50, 4, 23]"
2015-12-18,3,"[48, 4, 22]"
2015-12-21,5,"[16, 4, 15]"
2015-12-22,6,"[4, 15]"
2015-12-23,7,"[11, 4, 5, 6]"
2015-12-28,1,[4]
2015-12-29,1,[4]
2015-12-30,29,"[4, '566_suplemento', '537_suplemento', '417_suplemento', '790_suplemento', '62_suplemento', '452_suplemento', '390_suplemento', '782_suplemento', '421_suplemento', '622_suplemento', '785_suplemento', '777_suplemento', '789_suplemento', '199_suplemento', '510_suplemento', '593_suplemento', '361_suplemento', '781_suplemento', '416_suplemento', '756_suplemento', '331_suplemento', '753_suplemento', '481_suplemento', '652_suplemento']"
2016-01-05,6,"[13, 4, 12]"
2016-01-06,1,[4]
2016-01-07,1,[4]
2016-01-08,8,"[17, 4]"
2016-01-11,28,"[4, 44, 45, 46, 47]"
2016-01-13,3,"[17, 4]"
2016-01-14,1,[4]
2016-01-15,12,"[26, 4]"
2016-01-18,3,"[27, 4]"
2016-01-19,5,"[26, 4]"
2016-01-20,6,"[4, 21]"
2016-01-21,1,[4]
2016-01-22,2,"[4, 46]"
2016-01-25,4,"[17, 4, 5]"
2016-01-26,1,[4]
2016-01-27,6,"[4, 21]"
2016-01-28,1,[4]
2016-01-29,10,"['11_suplemento', 4, '29_suplemento', '34_suplemento', '36_suplemento', 59, 60]"
2016-02-01,9,"['5_suplemento', 4, '14_suplemento', '12_suplemento', 19]"
2016-02-02,5,"[16, 17, 4]"
2016-02-03,1,[4]
2016-02-04,8,"[32, 33, 4]"
2016-02-05,6,"[25, 26, 4]"
2016-02-11,11,"[24, 4, 23]"
2016-02-12,5,"[4, 22]"
2016-02-15,1,[4]
2016-02-16,1,[4]
2016-02-17,22,"[26, 27, 4]"
2016-02-18,4,"[19, 4, 20]"
2016-02-19,7,"[42, 4]"
2016-02-22,6,"[24, 25, 4]"
2016-02-23,4,"[24, 4]"
2016-02-24,6,"[65, 4, 22]"
2016-02-25,2,"[4, 23]"
2016-02-26,3,"[4, 29]"
2016-02-29,7,"[4, 22]"
2016-03-01,6,"[33, 4]"
2016-03-02,13,"[24, 25, 4]"
2016-03-03,8,"[4, 22]"
2016-03-04,5,"[25, 4]"
2016-03-07,7,"[17, 4]"
2016-03-08,1,[4]
2016-03-09,5,"[24, 27, 4]"
2016-03-10,4,"[16, 4, 60, 31]"
2016-03-11,4,"[4, 20]"
2016-03-14,10,"[11, 26, 27, 4]"
2016-03-15,13,"[4, 29, 30, 31]"
2016-03-16,4,"[4, 22]"
2016-03-17,15,"[25, 26, 4, 57]"
2016-03-18,5,"[58, 82, 4, 20]"
2016-03-21,3,"[18, 4]"
2016-03-22,3,"[69, 4, 28]"
2016-03-23,9,"[24, 4]"
2016-03-28,10,"[4, 22, 55]"
2016-03-29,1,[4]
2016-03-30,5,"[4, 45]"
2016-03-31,10,"[18, 19, 4]"
2016-04-01,4,"[1, 4, 31]"
2016-04-04,1,[4]
2016-04-05,6,"[4, 19, 54, 27, 28, 29]"
2016-04-06,16,"[24, 25, 4]"
2016-04-07,3,"[24, 4]"
2016-04-08,7,"[51, 27, 4, 54]"
2016-04-11,6,"[4, 21, 22]"
2016-04-12,6,"[64, 4, 28]"
2016-04-13,3,"[19, 4]"
2016-04-14,7,"[21, 4, 20]"
2016-04-15,9,"[4, 29, 30]"
2016-04-18,7,"[4, 23]"
2016-04-19,8,"[4, 5, 41, 17, 29]"
2016-04-20,1,[4]
2016-04-25,14,"[4, 23]"
2016-04-26,3,"[8, 4, 5]"
2016-04-27,1,[4]
2016-04-28,6,"[4, 21]"
2016-04-29,5,"[27, 4, 28]"
2016-05-02,9,"[26, 27, 4]"
2016-05-03,2,"[4, 22]"
2016-05-04,3,"[16, 4]"
2016-05-05,1,[4]
2016-05-06,1,[4]
2016-05-09,11,"[18, 4, 5]"
2016-05-10,11,"[4, 22]"
2016-05-11,8,"[4, 28]"
2016-05-12,1,[4]
2016-05-13,3,"[4, 21]"
2016-05-16,4,"[58, 27, 4]"
2016-05-17,5,"[24, 4, 23, 15]"
2016-05-18,12,"[24, 4, 5]"
2016-05-19,8,"[4, 22, 23]"
2016-05-20,7,"[19, 4, 20]"
2016-05-23,4,"[51, 4, 22]"
2016-05-24,5,"[4, 15]"
2016-05-25,2,"[33, 4]"
2016-05-30,6,"[4, 54]"
2016-05-31,10,"['10_suplemento', '35_suplemento', 4, '44_suplemento', '28_suplemento', '33_suplemento', '51_suplemento', 22]"
2016-06-01,8,"[4, 36, 31]"
2016-06-02,12,"[21, 4, 20]"
2016-06-03,11,"[27, 4]"
2016-06-06,11,"[48, 4, 47]"
2016-06-07,3,"[25, 4]"
2016-06-08,3,"[4, 30]"
2016-06-09,9,"[4, 31]"
2016-06-10,7,"[4, 45, 44]"
2016-06-13,1,[4]
2016-06-14,10,"[25, 26, 4]"
2016-06-15,5,"[4, 37]"
2016-06-16,10,"[25, 26, 4]"
2016-06-17,6,"[72, 27, 4, 28]"
2016-06-20,5,"[27, 4, 6, 7]"
2016-06-21,11,"[21, 4, 20]"
2016-06-22,2,"[19, 4]"
2016-06-23,9,"[24, 4, 5]"
2016-06-24,5,"[26, 4, 6]"
2016-06-27,13,"[21, 4, 20]"
2016-06-28,4,"[4, 23]"
2016-06-29,15,"[4, 7, 24, 25, 26]"
2016-06-30,7,"[27, 4, 6]"
2016-07-01,10,"[4, 29, 30]"
2016-07-04,12,"[4, 21, 22]"
2016-07-05,1,[4]
2016-07-06,5,"[33, 34, 4]"
2016-07-07,1,[4]
2016-07-08,9,"[4, 23]"
2016-07-11,8,"[24, 4]"
2016-07-12,3,"[32, 4]"
2016-07-13,5,"[66, 5, 6]"
2016-07-14,12,"[4, 38, 39]"
2016-07-15,13,"[40, 4, 68, 39]"
2016-07-18,5,"[19, 4, 20]"
2016-07-19,17,"[19, 4, 20]"
2016-07-20,7,"[59, 4]"
2016-07-21,5,"[4, 37]"
2016-07-22,2,"[4, 20]"
2016-07-25,5,"[19, 4]"
2016-07-26,1,[4]
2016-07-27,1,[4]
2016-07-28,9,"[25, 4]"
2016-07-29,2,"[4, 44]"
2016-08-01,2,"[4, 20]"
2016-08-02,3,"[4, 53]"
2016-08-03,18,"[4, 44, 45, 47, 48]"
2016-08-04,13,"[4, 22]"
2016-08-05,7,"[25, 4]"
2016-08-08,2,"[4, 5]"
2016-08-09,3,"[4, 22, 60]"
2016-08-10,7,"[26, 4]"
2016-08-11,32,"[4, 5, 19, 20, 21, 22]"
2016-08-12,10,"[4, 69, 70]"
2016-08-16,2,"[89, 4]"
2016-08-17,6,"[50, 4, 22]"
2016-08-18,3,"[4, 23]"
2016-08-19,8,"[16, 4, 69]"
2016-08-22,9,"[24, 4, 5]"
2016-08-23,9,"[18, 19, 4]"
2016-08-24,3,"[56, 4]"
2016-08-25,4,"[21, 4, 20]"
2016-08-26,7,"[4, 36]"
2016-08-29,4,"[4, 31]"
2016-08-30,4,"[4, 15]"
2016-08-31,1,[4]
2016-09-01,6,"[4, 29]"
2016-09-02,3,"[4, 45]"
2016-09-05,9,"[25, 4, 30]"
2016-09-06,5,"[4, 22]"
2016-09-08,1,[4]
2016-09-09,7,"[21, 4, 20, 46]"
2016-09-12,5,"[4, 28, 6]"
2016-09-13,1,[4]
2016-09-14,3,"[26, 4]"
2016-09-15,5,"[24, 4]"
2016-09-16,6,"[4, 28, 14, 22]"
2016-09-19,7,"[24, 4, 5, 39]"
2016-09-20,20,"[16, 17, 18, 4]"
2016-09-21,1,[4]
2016-09-22,18,"[17, 18, 4, 58]"
2016-09-23,6,"[4, 23]"
2016-09-26,2,"[8, 4]"
2016-09-27,2,"[4, 20]"
2016-09-28,7,"[25, 4, 20]"
2016-09-29,1,[4]
2016-09-30,5,"[4, 20]"
2016-10-03,3,"[4, 22]"
2016-10-04,4,"[26, 4]"
2016-10-05,9,"[42, 4, 6]"
2016-10-06,1,[4]
2016-10-07,1,[4]
2016-10-11,23,"[27, 4, 28]"
2016-10-13,6,"[16, 4, 15]"
2016-10-14,3,"[4, 47]"
2016-10-17,3,"[25, 4]"
2016-10-18,3,"[34, 4]"
2016-10-19,6,"[4, 63]"
2016-10-20,3,"[19, 4, 20]"
2016-10-21,7,"[19, 4, 5]"
2016-10-24,19,"[18, 19, 4]"
2016-10-25,4,"[4, 12]"
2016-10-26,12,"[24, 9, 4]"
2016-10-27,5,"[32, 4, 6, 31]"
2016-10-31,4,"[37, 4, 5]"
2016-11-01,6,"[24, 4, 23]"
2016-11-03,9,"[29, 4, 28]"
2016-11-04,11,"[4, 21]"
2016-11-07,6,"[4, 21, 22]"
2016-11-08,1,[4]
2016-11-09,6,"[26, 4]"
2016-11-10,3,"[35, 4]"
2016-11-11,5,"[24, 4]"
2016-11-14,3,"[25, 50, 4]"
2016-11-16,7,"[17, 18, 4]"
2016-11-17,4,"[17, 4]"
2016-11-18,6,"[4, 36]"
2016-11-21,4,"[42, 4]"
2016-11-22,5,"[4, 20]"
2016-11-23,35,"[4, 20, 21, 22, 24]"
2016-11-24,6,"[26, 4]"
2016-11-25,19,"[8, 32, 4, 31]"
2016-11-28,3,"[4, 22]"
2016-11-29,4,"[4, 6]"
2016-11-30,16,"[4, 51, 52, 54, 55]"
2016-12-01,3,"[8, 4, 7]"
2016-12-02,8,"[67, 4, 19, 20, 24]"
2016-12-05,8,"[26, 4]"
2016-12-06,6,"[59, 4, 37]"
2016-12-07,13,"[24, 4, 5, 23]"
2016-12-09,9,"[91, 4, 5, 30]"
2016-12-12,3,"[19, 4, 5]"
2016-12-13,9,"[16, 17, 4]"
2016-12-14,5,"[16, 4]"
2016-12-15,6,"[17, 4]"
2016-12-16,11,"[4, 31]"
2016-12-19,13,"[65, 4, 13, 14, 61]"
2016-12-20,2,"[4, 36]"
2016-12-21,19,"[10, 21, 4, 20]"
2016-12-22,5,"[10, 4, 7]"
2016-12-23,3,"[4, 22]"
2016-12-26,1,[4]
2016-12-27,3,"[17, 4]"
2016-12-28,3,"[18, 19, 4]"
2016-12-29,7,"[41, 4]"
2017-12-01,25,"[4, 43, 44, 45, 46, 85]"
2017-12-04,3,"[4, 23]"
2017-12-05,1,[4]
2017-12-06,1,[4]
2017-12-07,9,"[4, 53, 54, 60]"
2017-12-11,1,[4]
2017-12-12,2,"[4, 23]"
2017-12-13,11,"[4, 20, 46]"
2017-12-14,6,"[4, 28]"
2017-12-15,2,"[75, 4]"
2017-12-18,4,"[4, 54]"
2017-12-19,5,"[4, 22, 23]"
2017-12-20,4,"[4, 21]"
2017-12-21,3,"[26, 4]"
2017-12-22,5,"[72, 35, 4, 21]"
2017-12-26,1,[4]
2017-12-27,6,"[4, 21, 22]"
2017-12-28,9,"[32, 4, 45]"
2017-12-29,2,"[57, 4]"
2018-01-03,5,"[26, 4]"
2018-01-04,4,"[18, 4]"
2018-01-05,5,"[4, 7, 17, 18, 49]"
2018-01-08,2,"[4, 6]"
2018-01-09,8,"[19, 4, 20]"
2018-01-10,13,"[40, 4, 39]"
2018-01-11,7,"[17, 4]"
2018-01-12,3,"[4, 31]"
2018-01-15,6,"[32, 43, 4, 71]"
2018-01-16,6,"[4, 14]"
2018-01-17,4,"[16, 42, 4, 31]"
2018-01-18,9,"[4, 7, 40, 21, 24]"
2018-01-19,12,"[50, 4, 21, 22]"
2018-01-22,15,"[1, 4, 6, 12, 30]"
2018-01-23,4,"[26, 4, 62]"
2018-01-24,21,"[4, 5, 6, 15, 16, 17, 28, 29]"
2018-01-25,6,"[29, 4, 28]"
2018-01-26,3,"[17, 4]"
2018-01-29,1,[4]
2018-01-30,3,"[4, 52]"
2018-01-31,8,"[27, 4]"
2018-02-01,5,"[73, 4, 37, 71]"
2018-02-02,6,"[18, 4]"
2018-02-05,7,"[4, 38]"
2018-02-06,10,"[4, 22, 23]"
2018-02-07,3,"[4, 23]"
2018-02-08,2,"[18, 4]"
2018-02-09,1,[4]
2018-02-14,6,"[18, 4]"
2018-02-15,2,"[4, 15]"
2018-02-16,4,"[24, 51, 4, 23]"
2018-02-19,13,"[4, 19, 20, 21, 58]"
2018-02-20,2,"[4, 54]"
2018-02-21,8,"[26, 4]"
2018-02-22,23,"[4, 23, 24, 25, 26]"
2018-02-23,1,[4]
2018-02-26,3,"[40, 4]"
2018-02-27,8,"[17, 18, 4]"
2018-02-28,2,"[25, 4]"
2018-03-01,12,"[4, 30, 31]"
2018-03-02,5,"[4, 28]"
2018-03-05,9,"[4, 50, 51, 19, 52, 54]"
2018-03-06,6,"[4, 30]"
2018-03-07,7,"[24, 4]"
2018-03-08,6,"[77, 4, 21, 47]"
2018-03-09,5,"[26, 4]"
2018-03-12,5,"[38, 4, 6]"
2018-03-13,4,"[33, 4]"
2018-03-14,11,"[34, 4, 31]"
2018-03-15,6,"[32, 33, 34, 4]"
2018-03-16,3,"[4, 28]"
2018-03-19,3,"[24, 4]"
2018-03-20,2,"[4, 60]"
2018-03-21,19,"[34, 35, 4, 5, 36, 9, 58]"
2018-03-22,10,"[4, 30]"
2018-03-23,8,"[4, 29, 30]"
2018-03-26,9,"[24, 25, 4, 22]"
2018-03-27,10,"[26, 4, 6]"
2018-03-28,6,"[33, 34, 4, 42]"
2018-04-02,10,"[73, 25, 26, 4]"
2018-04-03,26,"[4, 19, 20, 21, 22]"
2018-04-04,1,[4]
2018-04-05,4,"[4, 46]"
2018-04-06,6,"[4, 78, 27, 92, 95]"
2018-04-09,42,"[4, 26, 27, 28, 29, 30]"
2018-04-10,6,"[4, 44]"
2018-04-11,4,"[25, 26, 4]"
2018-04-12,18,"[64, 18, 19, 4]"
2018-04-13,1,[4]
2018-04-16,2,"[96, 4]"
2018-04-17,11,"[25, 4, 69]"
2018-04-18,18,"[4, 10, 51, 52, 53, 54]"
2018-04-19,4,"[44, 6]"
2018-04-20,7,"[25, 26, 4]"
2018-04-23,4,"[16, 4]"
2018-04-24,5,"[17, 4]"
2018-04-25,3,"[24, 4, 23]"
2018-04-26,5,"[10, 4]"
2018-04-27,3,"[4, 5, 6]"
2018-05-02,1,[4]
2018-05-03,12,"[24, 4]"
2018-05-04,2,"[4, 28]"
2018-05-07,16,"[24, 4, 23]"
2018-05-08,12,"[21, 4, 20]"
2018-05-09,4,"[24, 4, 23]"
2018-05-10,7,"[48, 91, 4]"
2018-05-11,10,"[32, 33, 4]"
2018-05-14,9,"[4, 22]"
2018-05-15,16,"[4, 5, 7, 14, 15, 16, 57, 58]"
2018-05-16,14,"[4, 37, 36]"
2018-05-17,6,"[25, 26, 4]"
2018-05-18,7,"[64, 49, 50, 4]"
2018-05-21,3,"[4, 21]"
2018-05-22,1,[4]
2018-05-23,1,[4]
2018-05-24,6,"[29, 4, 28]"
2018-05-25,5,"[4, 47]"
2018-05-28,8,"[41, 4]"
2018-05-29,5,"[48, 49, 4]"
2018-05-30,33,"[4, 11, 44, 45, 46, 47, 48]"
2018-06-04,2,"[4, 28]"
2018-06-05,4,"[27, 4]"
2018-06-06,1,[4]
2018-06-07,18,"[25, 26, 4, 6]"
2018-06-08,9,"[40, 4, 94]"
2018-06-11,7,"[4, 8, 11, 60, 62]"
2018-06-12,7,"[32, 4, 5]"
2018-06-13,3,"[34, 4]"
2018-06-14,7,"[24, 4, 5, 23]"
2018-06-15,1,[4]
2018-06-18,1,[4]
2018-06-19,31,"[4, 48, 49, 51, 52, 54]"
2018-06-20,19,"[34, 35, 4, 36, 7, 86]"
2018-06-21,6,"[4, 69, 68]"
2018-06-25,2,"[4, 53]"
2018-06-26,9,"[4, 45, 46]"
2018-06-27,6,"[32, 4]"
2018-06-28,9,"[89, 41, 42, 4]"
2018-06-29,8,"[4, 60]"
2018-07-03,6,"[4, 69, 14]"
2018-07-04,9,"[58, 59, 4]"
2018-07-05,5,"[43, 4]"
2018-07-06,8,"[4, 44]"
2018-07-09,4,"[4, 38]"
2018-07-10,19,"[32, 33, 4, 31]"
2018-07-11,3,"[4, 28]"
2018-07-12,12,"[57, 4]"
2018-07-13,8,"[25, 4]"
2018-07-16,3,"[4, 54]"
2018-07-17,11,"[24, 4, 23]"
2018-07-18,16,"[56, 57, 4, 31]"
2018-07-19,15,"[4, 5, 72, 12, 13, 20]"
2018-07-20,7,"[4, 23]"
2018-07-23,6,"[4, 21, 22]"
2018-07-24,3,"[4, 68]"
2018-07-25,4,"[12, 38]"
2018-07-26,35,"[4, 5, 13, 19, 20, 21, 22, 23]"
2018-07-27,22,"[26, 27, 4, 29]"
2018-07-30,4,"[4, 63]"
2018-07-31,6,"[4, 28]"
2018-08-01,5,"[4, 22]"
2018-08-02,10,"[25, 4]"
2018-08-03,18,"[32, 33, 4]"
2018-08-06,8,"[24, 25, 4]"
2018-08-07,6,"[4, 13, 14]"
2018-08-08,5,"[25, 4]"
2018-08-09,6,"[4, 22]"
2018-08-10,9,"[81, 42, 4]"
2018-08-13,9,"[21, 4, 20, 7]"
2018-08-14,14,"[88, 89, 4]"
2018-08-16,6,"[4, 28]"
2018-08-17,6,"[40, 4, 39]"
2018-08-20,11,"[4, 30, 31]"
2018-08-21,8,[10]
2018-08-22,5,"[4, 22, 71]"
2018-08-23,4,"[4, 28]"
2018-08-24,6,"[25, 4, 5]"
2018-08-27,3,"[4, 30]"
2018-08-28,4,"[4, 21]"
2018-08-29,3,"[4, 29]"
2018-08-30,7,"[24, 4, 7]"
2018-08-31,7,"[81, 26, 4]"
2018-09-03,9,"[65, 4, 22, 47]"
2018-09-04,33,"[4, 27, 28, 29, 30, 31]"
2018-09-05,2,"[59, 4]"
2018-09-06,6,"[35, 4, 36]"
2018-09-10,12,"[98, 4, 15, 48, 21]"
2018-09-11,5,"[24, 4]"
2018-09-12,10,"[4, 14, 15]"
2018-09-13,32,"[4, 38, 39, 10, 86, 87, 88, 89, 90]"
2018-09-14,7,"[24, 25, 4]"
2018-09-17,11,"[4, 78, 79]"
2018-09-18,11,"[91, 4, 37]"
2018-09-19,12,"[4, 5, 40, 10, 16, 18]"
2018-09-20,13,"[32, 33, 4, 6, 80]"
2018-09-21,3,"[32, 4]"
2018-09-24,7,"[27, 4, 5, 7]"
2018-09-25,5,"[4, 28]"
2018-09-26,3,"[4, 39]"
2018-09-27,5,"[34, 35, 4, 76]"
2018-09-28,9,"[48, 4, 47]"
2018-10-01,3,"[4, 22]"
2018-10-02,1,[4]
2018-10-03,1,[4]
2018-10-04,2,"[4, 28]"
2018-10-05,5,"[81, 27, 4, 6]"
2018-10-08,5,"[4, 22]"
2018-10-09,2,"[4, 53]"
2018-10-10,19,"[4, 49, 50, 51, 53]"
2018-10-11,20,"[11, 4, 30, 31]"
2018-10-16,8,"[42, 43, 4]"
2018-10-17,5,"[4, 28]"
2018-10-18,6,"[4, 22]"
2018-10-19,7,"[32, 33, 74, 4]"
2018-10-22,2,"[26, 4]"
2018-10-23,3,"[73, 4, 6]"
2018-10-24,1,[4]
2018-10-25,4,"[4, 29]"
2018-10-26,8,"[27, 4]"
2018-10-29,7,"[26, 27, 4, 31]"
2018-10-30,3,"[4, 5, 46]"
2018-10-31,3,"[4, 47]"
2018-11-01,7,"[32, 4]"
2018-11-05,4,"[32, 4]"
2018-11-06,2,"[81, 4]"
2018-11-07,3,"[4, 5, 39]"
2018-11-08,10,"[4, 6, 7, 41, 42]"
2018-11-09,16,"[75, 4, 37, 36]"
2018-11-12,32,"[4, 10, 43, 44, 13, 14, 45]"
2018-11-13,16,"[26, 27, 4, 5]"
2018-11-14,12,"[32, 4, 31]"
2018-11-19,8,"[29, 4, 5, 30]"
2018-11-20,1,[4]
2018-11-21,2,"[43, 4]"
2018-11-22,1,[4]
2018-11-23,13,"[4, 7, 8, 27, 28]"
2018-11-26,12,"[46, 4, 45, 44]"
2018-11-27,5,"[25, 4, 5]"
2018-11-28,7,"[25, 4, 71]"
2018-11-29,10,"[4, 29, 30]"
2018-11-30,5,"[18, 4, 39]"
2018-12-03,6,"[4, 22]"
2018-12-04,3,"[34, 4]"
2018-12-05,3,"[59, 4, 60]"
2018-12-06,3,"[51, 4]"
2018-12-07,3,"[32, 56, 4]"
2018-12-10,2,"[4, 22]"
2018-12-11,6,"[4, 13, 6, 22]"
2018-12-12,14,"[64, 4, 63]"
2018-12-13,10,"[4, 53, 52]"
2018-12-14,1,[4]
2018-12-17,4,"[4, 39]"
2018-12-18,4,"[4, 22]"
2018-12-19,3,"[26, 4]"
2018-12-20,7,"[33, 4, 7, 40, 12, 19, 26]"
2018-12-21,3,"[51, 4]"
2019-01-02,1,[4]
2019-01-03,1,[4]
2019-01-04,2,"[4, 12]"
2019-01-07,6,"[2, 11, 12]"
2019-01-08,7,"[2, 20]"
2019-01-09,2,"[2, 10]"
2019-01-10,2,"[2, 4]"
2019-01-11,10,"[2, 19, 20, 50]"
2019-01-14,8,"[8, 9, 2]"
2019-01-15,6,"[2, 35]"
2019-01-16,3,"[2, 30]"
2019-01-17,3,"[2, 4]"
2019-01-18,1,[2]
2019-01-21,8,"[2, 11, 58]"
2019-01-22,10,"[2, 34, 35, 5, 15, 17, 18]"
2019-01-23,5,"[2, 15]"
2019-01-24,6,"[80, 2, 27, 12]"
2019-01-25,8,"[2, 4, 39, 40, 7, 90]"
2019-01-28,5,"[2, 13]"
2019-01-29,11,"[2, 29, 30]"
2019-01-30,2,"[9, 2]"
2019-01-31,3,"[2, 22]"
2019-02-01,4,"[2, 27, 36]"
2019-02-04,5,"[2, 12]"
2019-02-05,8,"[16, 17, 2]"
2019-02-06,3,"[32, 33, 2]"
2019-02-07,5,"[2, 23]"
2019-02-08,5,"[24, 2, 4, 23]"
2019-02-11,3,"[32, 2, 31]"
2019-02-12,4,"[2, 28]"
2019-02-13,7,"[25, 2, 26]"
2019-02-14,5,"[2, 20, 21]"
2019-02-15,6,"[2, 30]"
2019-02-18,5,"[17, 2, 18]"
2019-02-19,6,"[2, 18]"
2019-02-20,6,"[2, 30, 31]"
2019-02-21,5,"[2, 15]"
2019-02-22,6,"[2, 74, 21]"
2019-02-25,4,"[2, 39]"
2019-02-26,7,"[2, 19, 20]"
2019-02-27,12,"[2, 23]"
2019-02-28,3,"[2, 67, 66]"
2019-03-01,2,"[10, 39]"
2019-03-06,4,[33]
2019-03-08,3,"[10, 31]"
2019-03-11,3,"[16, 56, 27]"
2019-03-12,6,"[35, 36]"
2019-03-13,3,[13]
2019-03-14,3,[30]
2019-03-15,2,"[33, 34]"
2019-03-18,2,[42]
2019-03-19,3,"[72, 31]"
2019-03-21,3,[34]
2019-03-22,1,[16]
2019-03-25,1,[27]
2019-03-28,3,"[28, 4, 5]"
2019-03-29,1,[97]
2019-04-01,10,"[28, 29]"
2019-04-02,4,[32]
2019-04-03,12,"[75, 33, 34, 35]"
2019-04-04,4,[27]
2019-04-05,7,[31]
2019-04-09,9,"[20, 5, 6]"
2019-04-10,2,"[9, 4]"
2019-04-11,3,[37]
2019-04-12,2,[38]
2019-04-16,4,"[4, 30]"
2019-04-17,4,"[42, 38]"
2019-04-18,7,"[34, 35, 36]"
2019-04-22,16,"[20, 21, 22]"
2019-04-23,5,"[32, 31]"
2019-04-24,4,"[32, 33]"
2019-04-25,7,"[34, 37, 31]"
2019-04-26,2,[26]
2019-04-29,16,"[4, 85, 84]"
2019-04-30,2,[40]
2019-05-02,5,"[32, 4, 31]"
2019-05-06,3,"[4, 36]"
2019-05-07,2,[26]
2019-05-08,13,"[4, 82, 85, 86, 87]"
2019-05-09,7,"[8, 33, 32, 63]"
2019-05-10,7,"[58, 7]"
2019-05-13,5,[28]
2019-05-14,7,[35]
2019-05-15,5,"[41, 10, 52]"
2019-05-16,2,[30]
2019-05-17,6,[32]
2019-05-20,10,"[36, 37]"
2019-05-21,5,[21]
2019-05-22,2,[26]
2019-05-23,1,[36]
2019-05-24,4,[41]
2019-05-27,5,[25]
2019-05-28,4,"[64, 63]"
2019-05-30,4,"[36, 37]"
2019-05-31,5,[56]
2019-06-03,2,[28]
2019-06-04,5,[36]
2019-06-05,5,[30]
2019-06-06,4,[33]
2019-06-07,10,"[32, 33]"
2019-06-10,5,[46]
2019-06-11,20,"[4, 37, 38, 36, 39]"
2019-06-12,9,[47]
2019-06-14,1,[4]
2019-06-18,6,[34]
2019-06-19,15,"[10, 34, 35, 21]"
2019-06-24,3,"[30, 31]"
2019-06-26,5,[37]
2019-06-27,9,"[32, 33]"
2019-06-28,3,[34]
2019-07-01,15,"[29, 30]"
2019-07-02,13,"[33, 34, 35]"
2019-07-03,19,"[40, 41, 39]"
2019-07-04,7,"[35, 36]"
2019-07-05,2,[35]
2019-07-08,22,"[48, 49, 47]"
2019-07-09,35,"[35, 4, 5, 6, 7]"
2019-07-10,10,"[49, 50]"
2019-07-11,3,[25]
2019-07-12,3,[37]
2019-07-15,4,[33]
2019-07-16,6,"[24, 25, 62]"
2019-07-17,2,[37]
2019-07-18,3,[32]
2019-07-19,12,"[18, 38, 39]"
2019-07-22,9,[18]
2019-07-23,4,"[24, 25]"
2019-07-25,4,[27]
2019-07-26,3,"[18, 36]"
2019-07-30,3,[52]
2019-07-31,2,[34]
2019-08-01,6,"[17, 19, 37]"
2019-08-05,6,"[34, 35]"
2019-08-06,9,[31]
2019-08-07,4,"[40, 41]"
2019-08-09,2,[40]
2019-08-12,3,"[29, 70]"
2019-08-13,11,"[4, 5, 6, 7, 37, 15, 16]"
2019-08-14,6,"[88, 87]"
2019-08-19,2,[48]
2019-08-20,3,[40]
2019-08-21,1,[40]
2019-08-22,7,"[36, 37]"
2019-08-26,4,[32]
2019-08-27,1,[4]
2019-08-28,7,[29]
2019-08-29,2,"[42, 4]"
2019-08-30,5,"[4, 46]"
2019-09-02,4,[31]
2019-09-03,2,[24]
2019-09-04,3,"[27, 7]"
2019-09-05,8,"[51, 45, 46]"
2019-09-06,1,[29]
2019-09-09,14,"[73, 27, 28, 31]"
2019-09-10,4,"[10, 62]"
2019-09-12,3,[33]
2019-09-13,4,[27]
2019-09-16,6,"[4, 37, 8, 24, 25]"
2019-09-17,3,[27]
2019-09-18,2,[30]
2019-09-19,7,[33]
2019-09-20,2,"[8, 34]"
2019-09-23,2,[43]
2019-09-24,10,"[30, 31]"
2019-09-25,2,[69]
2019-09-26,4,"[25, 26]"
2019-09-27,2,[68]
2019-09-30,1,[39]
2019-10-01,3,"[56, 57]"
2019-10-02,16,"[85, 10, 60, 61]"
2019-10-03,3,[35]
2019-10-04,7,"[99, 42, 43]"
2019-10-07,6,[40]
2019-10-08,2,[22]
2019-10-09,1,[69]
2019-10-10,2,"[51, 15]"
2019-10-11,4,"[4, 15]"
2019-10-16,8,"[80, 34, 4]"
2019-10-17,13,"[29, 14, 30]"
2019-10-18,2,[34]
2019-10-21,4,"[73, 20]"
2019-10-22,7,"[32, 33]"
2019-10-23,10,[30]
2019-10-24,5,"[32, 20, 6, 68]"
2019-10-25,3,"[82, 63]"
2019-10-29,1,[31]
2019-10-30,3,[33]
2019-10-31,2,[25]
2019-11-01,5,[43]
2019-11-05,5,"[29, 30]"
2019-11-06,5,"[32, 33]"
2019-11-07,8,"[33, 7]"
2019-11-08,32,"[64, 43, 44, 45, 46]"
2019-11-11,5,"[96, 4, 46]"
2019-11-12,4,[32]
2019-11-13,10,"[37, 36, 5]"
2019-11-14,9,"[36, 37]"
2019-11-18,11,"[56, 67, 55]"
2019-11-19,4,"[35, 12, 36]"
2019-11-20,9,"[35, 36]"
2019-11-21,1,[10]
2019-11-22,1,[62]
2019-11-25,2,[8]
2019-11-26,12,"[27, 28, 31]"
2019-11-27,2,[55]
2019-11-28,4,[52]
2019-11-29,8,"[32, 31]"
2019-12-02,3,"[38, 39]"
2019-12-03,8,[55]
2019-12-04,3,[32]
2019-12-05,3,"[48, 96, 94]"
2019-12-06,2,"[92, 7]"
2019-12-09,8,"[10, 38, 39]"
2019-12-11,6,[26]
2019-12-12,3,[31]
2019-12-13,3,[31]
2019-12-16,2,[35]
2019-12-17,8,"[10, 42, 43]"
2019-12-18,3,[26]
2019-12-19,4,[39]
2019-12-20,1,[28]
2019-12-27,15,"[73, 67, 69]"
2019-12-30,19,"[12, 13, 14, 15, 16, 17, 18, 19, 20, 21, 22, 23, 25]"
2019-12-31,3,"[6, 7]"
2020-01-02,6,"[26, 27]"
2020-01-03,2,[21]
2020-01-06,7,[38]
2020-01-07,3,"[20, 21]"
2020-01-08,2,[19]
2020-01-09,8,[26]
2020-01-10,5,[75]
2020-01-13,2,[23]
2020-01-15,17,"[8, 9, 24, 23]"
2020-01-16,4,[27]
2020-01-17,15,"[33, 98, 30, 31]"
2020-01-22,3,[34]
2020-01-23,5,"[36, 71, 40, 39, 12]"
2020-01-24,10,"[25, 26, 5]"
2020-01-27,3,[37]
2020-01-28,9,"[33, 20, 21]"
2020-01-29,5,[23]
2020-02-03,2,[34]
2020-02-04,3,"[34, 35]"
2020-02-05,4,[37]
2020-02-06,2,[36]
2020-02-07,5,"[37, 38]"
2020-02-10,4,[62]
2020-02-12,4,[27]
2020-02-13,1,[82]
2020-02-18,2,[35]
2020-02-19,5,[35]
2020-02-20,26,"[4, 5, 6, 7, 9, 10, 44, 14, 16]"
2020-02-24,4,"[24, 25]"
2020-02-27,3,[11]
2020-02-28,8,"[32, 31]"
2020-03-02,4,"[32, 33, 52]"
2020-03-03,4,[36]
2020-03-06,9,"[4, 13, 38, 7]"
2020-03-09,4,"[40, 4, 46]"
2020-03-10,8,"[8, 61, 60, 29]"
2020-03-11,3,[39]
2020-03-12,19,"[37, 16, 17, 19, 20, 21, 22, 24, 25, 26, 27, 28, 29]"
2020-03-13,6,"[4, 9, 10, 28, 29]"
2020-03-16,5,"[40, 33, 34]"
2020-03-17,3,[31]
2020-03-18,2,[26]
2020-03-19,5,[29]
2020-03-23,2,[29]
2020-03-24,1,[20]
2020-03-26,5,"[26, 27]"
2020-03-30,11,"[28, 29]"
2020-03-31,2,[21]
2020-04-01,3,[25]
2020-04-03,3,[19]
2020-04-06,2,[24]
2020-04-07,4,"[24, 9, 10]"
2020-04-08,2,[22]
2020-04-09,7,"[25, 26]"
2020-04-13,2,[38]
2020-04-14,2,[7]
2020-04-15,7,"[4, 21, 22]"
2020-04-16,1,[26]
2020-04-22,6,"[8, 9, 22]"
2020-04-23,4,"[8, 7]"
2020-04-24,2,[26]
2020-04-27,24,"[33, 34, 36, 14, 20, 24]"
2020-04-28,1,[12]
2020-04-29,4,"[30, 31]"
2020-05-05,2,[26]
2020-05-06,7,"[65, 36, 37]"
2020-05-07,3,"[35, 36]"
2020-05-08,1,[23]
2020-05-11,5,"[7, 19, 21, 54, 22]"
2020-05-13,5,"[25, 4, 13]"
2020-05-14,7,[16]
2020-05-15,4,[28]
2020-05-16,3,"[8, 9]"
2020-05-18,3,[23]
2020-05-20,2,[28]
2020-05-22,2,[31]
2020-05-25,3,"[13, 15]"
2020-05-27,2,[44]
2020-05-28,5,"[9, 28, 15]"
2020-05-29,6,"[4, 21]"
2020-06-01,4,"[8, 33, 14]"
2020-06-02,3,[4]
2020-06-03,4,"[10, 28]"
2020-06-04,3,[25]
2020-06-05,1,[25]
2020-06-08,5,"[26, 27]"
2020-06-09,4,"[29, 30]"
2020-06-10,3,"[27, 4, 28]"
2020-06-15,4,"[26, 4]"
2020-06-16,3,"[25, 52]"
2020-06-17,2,[33]
2020-06-18,8,"[16, 35, 4, 14]"
2020-06-19,10,"[33, 34, 4]"
2020-06-22,4,"[4, 22]"
2020-06-23,7,"[26, 4]"
2020-06-24,4,"[33, 4]"
2020-06-25,1,[4]
2020-06-26,1,[4]
2020-06-29,1,[4]
2020-06-30,4,"[25, 4]"
2020-07-01,3,[27]
2020-07-02,7,"[27, 28]"
2020-07-06,5,"[27, 30, 31]"
2020-07-07,2,[28]
2020-07-08,2,[24]
2020-07-09,6,"[24, 25]"
2020-07-10,1,[50]
2020-07-13,10,"[4, 38, 9, 10, 22]"
2020-07-15,3,"[41, 43]"
2020-07-16,7,[22]
2020-07-17,1,[12]
2020-07-20,3,[21]
2020-07-21,2,[36]
2020-07-22,5,"[26, 27]"
2020-07-23,7,"[42, 29]"
2020-07-27,3,"[21, 7]"
2020-07-28,3,"[4, 6]"
2020-07-29,6,"[21, 22]"
2020-07-30,3,"[48, 45, 47]"
2020-07-31,9,"[26, 27]"
2020-08-03,7,"[22, 23]"
2020-08-04,31,"[5, 8, 9, 10, 11, 44]"
2020-08-06,1,[34]
2020-08-07,2,[27]
2020-08-10,11,"[32, 33, 7, 8, 31]"
2020-08-11,8,[29]
2020-08-12,3,"[48, 93]"
2020-08-13,4,"[52, 53]"
2020-08-14,24,"[36, 42, 43, 49, 51, 52]"
2020-08-17,5,"[30, 31]"
2020-08-18,7,"[37, 36, 13]"
2020-08-19,5,"[34, 5]"
2020-08-20,10,"[10, 35]"
2020-08-21,12,"[46, 47]"
2020-08-24,10,"[34, 6, 7]"
